CRITICAL - 2026-10-05 01:11:34 --> CodeIgniter\View\Exceptions\ViewException: Invalid file: "niveles/form.php"
[Method: GET, Route: niveles/edit/0]
in SYSTEMPATH\Exceptions\FrameworkException.php on line 39.
 1 SYSTEMPATH\View\View.php(228): CodeIgniter\Exceptions\FrameworkException::forInvalidFile('niveles/form.php')
 2 SYSTEMPATH\Common.php(1268): CodeIgniter\View\View->render('niveles/form', [], true)
 3 APPPATH\Controllers\NivelesAcademicosController.php(38): view('niveles/form', [...])
 4 SYSTEMPATH\CodeIgniter.php(974): App\Controllers\NivelesAcademicosController->edit('0')
 5 SYSTEMPATH\CodeIgniter.php(520): CodeIgniter\CodeIgniter->runController(Object(App\Controllers\NivelesAcademicosController))
 6 SYSTEMPATH\CodeIgniter.php(363): CodeIgniter\CodeIgniter->handleRequest(null, Object(Config\Cache), false)
 7 SYSTEMPATH\Boot.php(417): CodeIgniter\CodeIgniter->run()
 8 SYSTEMPATH\Boot.php(68): CodeIgniter\Boot::runCodeIgniter(Object(CodeIgniter\CodeIgniter))
 9 FCPATH\index.php(59): CodeIgniter\Boot::bootWeb(Object(Config\Paths))
CRITICAL - 2026-10-05 01:11:39 --> CodeIgniter\View\Exceptions\ViewException: Invalid file: "niveles/form.php"
[Method: GET, Route: niveles/create]
in SYSTEMPATH\Exceptions\FrameworkException.php on line 39.
 1 SYSTEMPATH\View\View.php(228): CodeIgniter\Exceptions\FrameworkException::forInvalidFile('niveles/form.php')
 2 SYSTEMPATH\Common.php(1268): CodeIgniter\View\View->render('niveles/form', [], true)
 3 APPPATH\Controllers\NivelesAcademicosController.php(25): view('niveles/form')
 4 SYSTEMPATH\CodeIgniter.php(974): App\Controllers\NivelesAcademicosController->create()
 5 SYSTEMPATH\CodeIgniter.php(520): CodeIgniter\CodeIgniter->runController(Object(App\Controllers\NivelesAcademicosController))
 6 SYSTEMPATH\CodeIgniter.php(363): CodeIgniter\CodeIgniter->handleRequest(null, Object(Config\Cache), false)
 7 SYSTEMPATH\Boot.php(417): CodeIgniter\CodeIgniter->run()
 8 SYSTEMPATH\Boot.php(68): CodeIgniter\Boot::runCodeIgniter(Object(CodeIgniter\CodeIgniter))
 9 FCPATH\index.php(59): CodeIgniter\Boot::bootWeb(Object(Config\Paths))
CRITICAL - 2026-10-05 01:13:14 --> CodeIgniter\View\Exceptions\ViewException: Invalid file: "niveles/form.php"
[Method: GET, Route: niveles/edit/0]
in SYSTEMPATH\Exceptions\FrameworkException.php on line 39.
 1 SYSTEMPATH\View\View.php(228): CodeIgniter\Exceptions\FrameworkException::forInvalidFile('niveles/form.php')
 2 SYSTEMPATH\Common.php(1268): CodeIgniter\View\View->render('niveles/form', [], true)
 3 APPPATH\Controllers\NivelesAcademicosController.php(38): view('niveles/form', [...])
 4 SYSTEMPATH\CodeIgniter.php(974): App\Controllers\NivelesAcademicosController->edit('0')
 5 SYSTEMPATH\CodeIgniter.php(520): CodeIgniter\CodeIgniter->runController(Object(App\Controllers\NivelesAcademicosController))
 6 SYSTEMPATH\CodeIgniter.php(363): CodeIgniter\CodeIgniter->handleRequest(null, Object(Config\Cache), false)
 7 SYSTEMPATH\Boot.php(417): CodeIgniter\CodeIgniter->run()
 8 SYSTEMPATH\Boot.php(68): CodeIgniter\Boot::runCodeIgniter(Object(CodeIgniter\CodeIgniter))
 9 FCPATH\index.php(59): CodeIgniter\Boot::bootWeb(Object(Config\Paths))
ERROR - 2026-10-05 01:14:32 --> Unknown column 'created_at' in 'field list'
in SYSTEMPATH\Database\MySQLi\Connection.php on line 300.
 1 SYSTEMPATH\Database\MySQLi\Connection.php(300): mysqli->query('INSERT INTO `nivelesacademicos` (`nombre`, `descripcion`, `created_at`, `updated_at`) VALUES (\'brasil\', \'adsad\', \'2026-10-05 01:14:32\', \'2026-10-05 01:14:32\')', 0)
 2 SYSTEMPATH\Database\BaseConnection.php(908): CodeIgniter\Database\MySQLi\Connection->execute('INSERT INTO `nivelesacademicos` (`nombre`, `descripcion`, `created_at`, `updated_at`) VALUES (\'brasil\', \'adsad\', \'2026-10-05 01:14:32\', \'2026-10-05 01:14:32\')')
 3 SYSTEMPATH\Database\BaseConnection.php(825): CodeIgniter\Database\BaseConnection->simpleQuery('INSERT INTO `nivelesacademicos` (`nombre`, `descripcion`, `created_at`, `updated_at`) VALUES (\'brasil\', \'adsad\', \'2026-10-05 01:14:32\', \'2026-10-05 01:14:32\')')
 4 SYSTEMPATH\Database\BaseBuilder.php(2355): CodeIgniter\Database\BaseConnection->query('INSERT INTO `nivelesacademicos` (`nombre`, `descripcion`, `created_at`, `updated_at`) VALUES (:nombre:, :descripcion:, :created_at:, :updated_at:)', [...], false)
 5 SYSTEMPATH\Model.php(357): CodeIgniter\Database\BaseBuilder->insert()
 6 SYSTEMPATH\BaseModel.php(899): CodeIgniter\Model->doInsert([...])
 7 SYSTEMPATH\Model.php(670): CodeIgniter\BaseModel->insert([...], true)
 8 APPPATH\Controllers\NivelesAcademicosController.php(31): CodeIgniter\Model->insert([...])
 9 SYSTEMPATH\CodeIgniter.php(974): App\Controllers\NivelesAcademicosController->store()
10 SYSTEMPATH\CodeIgniter.php(520): CodeIgniter\CodeIgniter->runController(Object(App\Controllers\NivelesAcademicosController))
11 SYSTEMPATH\CodeIgniter.php(363): CodeIgniter\CodeIgniter->handleRequest(null, Object(Config\Cache), false)
12 SYSTEMPATH\Boot.php(417): CodeIgniter\CodeIgniter->run()
13 SYSTEMPATH\Boot.php(68): CodeIgniter\Boot::runCodeIgniter(Object(CodeIgniter\CodeIgniter))
14 FCPATH\index.php(59): CodeIgniter\Boot::bootWeb(Object(Config\Paths))
CRITICAL - 2026-10-05 01:14:32 --> CodeIgniter\Database\Exceptions\DatabaseException: Unknown column 'created_at' in 'field list'
[Method: POST, Route: niveles/store]
in SYSTEMPATH\Database\BaseConnection.php on line 863.
 1 SYSTEMPATH\Database\BaseBuilder.php(2355): CodeIgniter\Database\BaseConnection->query('INSERT INTO `nivelesacademicos` (`nombre`, `descripcion`, `created_at`, `updated_at`) VALUES (:nombre:, :descripcion:, :created_at:, :updated_at:)', [...], false)
 2 SYSTEMPATH\Model.php(357): CodeIgniter\Database\BaseBuilder->insert()
 3 SYSTEMPATH\BaseModel.php(899): CodeIgniter\Model->doInsert([...])
 4 SYSTEMPATH\Model.php(670): CodeIgniter\BaseModel->insert([...], true)
 5 APPPATH\Controllers\NivelesAcademicosController.php(31): CodeIgniter\Model->insert([...])
 6 SYSTEMPATH\CodeIgniter.php(974): App\Controllers\NivelesAcademicosController->store()
 7 SYSTEMPATH\CodeIgniter.php(520): CodeIgniter\CodeIgniter->runController(Object(App\Controllers\NivelesAcademicosController))
 8 SYSTEMPATH\CodeIgniter.php(363): CodeIgniter\CodeIgniter->handleRequest(null, Object(Config\Cache), false)
 9 SYSTEMPATH\Boot.php(417): CodeIgniter\CodeIgniter->run()
10 SYSTEMPATH\Boot.php(68): CodeIgniter\Boot::runCodeIgniter(Object(CodeIgniter\CodeIgniter))
11 FCPATH\index.php(59): CodeIgniter\Boot::bootWeb(Object(Config\Paths))
CRITICAL - 2026-10-05 01:14:32 --> [Caused by] CodeIgniter\Database\Exceptions\DatabaseException: Unknown column 'created_at' in 'field list'
in SYSTEMPATH\Database\MySQLi\Connection.php on line 310.
 1 SYSTEMPATH\Database\BaseConnection.php(908): CodeIgniter\Database\MySQLi\Connection->execute('INSERT INTO `nivelesacademicos` (`nombre`, `descripcion`, `created_at`, `updated_at`) VALUES (\'brasil\', \'adsad\', \'2026-10-05 01:14:32\', \'2026-10-05 01:14:32\')')
 2 SYSTEMPATH\Database\BaseConnection.php(825): CodeIgniter\Database\BaseConnection->simpleQuery('INSERT INTO `nivelesacademicos` (`nombre`, `descripcion`, `created_at`, `updated_at`) VALUES (\'brasil\', \'adsad\', \'2026-10-05 01:14:32\', \'2026-10-05 01:14:32\')')
 3 SYSTEMPATH\Database\BaseBuilder.php(2355): CodeIgniter\Database\BaseConnection->query('INSERT INTO `nivelesacademicos` (`nombre`, `descripcion`, `created_at`, `updated_at`) VALUES (:nombre:, :descripcion:, :created_at:, :updated_at:)', [...], false)
 4 SYSTEMPATH\Model.php(357): CodeIgniter\Database\BaseBuilder->insert()
 5 SYSTEMPATH\BaseModel.php(899): CodeIgniter\Model->doInsert([...])
 6 SYSTEMPATH\Model.php(670): CodeIgniter\BaseModel->insert([...], true)
 7 APPPATH\Controllers\NivelesAcademicosController.php(31): CodeIgniter\Model->insert([...])
 8 SYSTEMPATH\CodeIgniter.php(974): App\Controllers\NivelesAcademicosController->store()
 9 SYSTEMPATH\CodeIgniter.php(520): CodeIgniter\CodeIgniter->runController(Object(App\Controllers\NivelesAcademicosController))
10 SYSTEMPATH\CodeIgniter.php(363): CodeIgniter\CodeIgniter->handleRequest(null, Object(Config\Cache), false)
11 SYSTEMPATH\Boot.php(417): CodeIgniter\CodeIgniter->run()
12 SYSTEMPATH\Boot.php(68): CodeIgniter\Boot::runCodeIgniter(Object(CodeIgniter\CodeIgniter))
13 FCPATH\index.php(59): CodeIgniter\Boot::bootWeb(Object(Config\Paths))
CRITICAL - 2026-10-05 01:14:32 --> [Caused by] mysqli_sql_exception: Unknown column 'created_at' in 'field list'
in SYSTEMPATH\Database\MySQLi\Connection.php on line 300.
 1 SYSTEMPATH\Database\MySQLi\Connection.php(300): mysqli->query('INSERT INTO `nivelesacademicos` (`nombre`, `descripcion`, `created_at`, `updated_at`) VALUES (\'brasil\', \'adsad\', \'2026-10-05 01:14:32\', \'2026-10-05 01:14:32\')', 0)
 2 SYSTEMPATH\Database\BaseConnection.php(908): CodeIgniter\Database\MySQLi\Connection->execute('INSERT INTO `nivelesacademicos` (`nombre`, `descripcion`, `created_at`, `updated_at`) VALUES (\'brasil\', \'adsad\', \'2026-10-05 01:14:32\', \'2026-10-05 01:14:32\')')
 3 SYSTEMPATH\Database\BaseConnection.php(825): CodeIgniter\Database\BaseConnection->simpleQuery('INSERT INTO `nivelesacademicos` (`nombre`, `descripcion`, `created_at`, `updated_at`) VALUES (\'brasil\', \'adsad\', \'2026-10-05 01:14:32\', \'2026-10-05 01:14:32\')')
 4 SYSTEMPATH\Database\BaseBuilder.php(2355): CodeIgniter\Database\BaseConnection->query('INSERT INTO `nivelesacademicos` (`nombre`, `descripcion`, `created_at`, `updated_at`) VALUES (:nombre:, :descripcion:, :created_at:, :updated_at:)', [...], false)
 5 SYSTEMPATH\Model.php(357): CodeIgniter\Database\BaseBuilder->insert()
 6 SYSTEMPATH\BaseModel.php(899): CodeIgniter\Model->doInsert([...])
 7 SYSTEMPATH\Model.php(670): CodeIgniter\BaseModel->insert([...], true)
 8 APPPATH\Controllers\NivelesAcademicosController.php(31): CodeIgniter\Model->insert([...])
 9 SYSTEMPATH\CodeIgniter.php(974): App\Controllers\NivelesAcademicosController->store()
10 SYSTEMPATH\CodeIgniter.php(520): CodeIgniter\CodeIgniter->runController(Object(App\Controllers\NivelesAcademicosController))
11 SYSTEMPATH\CodeIgniter.php(363): CodeIgniter\CodeIgniter->handleRequest(null, Object(Config\Cache), false)
12 SYSTEMPATH\Boot.php(417): CodeIgniter\CodeIgniter->run()
13 SYSTEMPATH\Boot.php(68): CodeIgniter\Boot::runCodeIgniter(Object(CodeIgniter\CodeIgniter))
14 FCPATH\index.php(59): CodeIgniter\Boot::bootWeb(Object(Config\Paths))
CRITICAL - 2026-10-05 01:16:15 --> CodeIgniter\Database\Exceptions\DataException: There is no data to insert.
[Method: POST, Route: municipios/store]
in SYSTEMPATH\BaseModel.php on line 885.
 1 SYSTEMPATH\BaseModel.php(885): CodeIgniter\Database\Exceptions\DataException::forEmptyDataset('insert')
 2 SYSTEMPATH\Model.php(670): CodeIgniter\BaseModel->insert([], true)
 3 APPPATH\Controllers\MunicipiosController.php(34): CodeIgniter\Model->insert([...])
 4 SYSTEMPATH\CodeIgniter.php(974): App\Controllers\MunicipiosController->store()
 5 SYSTEMPATH\CodeIgniter.php(520): CodeIgniter\CodeIgniter->runController(Object(App\Controllers\MunicipiosController))
 6 SYSTEMPATH\CodeIgniter.php(363): CodeIgniter\CodeIgniter->handleRequest(null, Object(Config\Cache), false)
 7 SYSTEMPATH\Boot.php(417): CodeIgniter\CodeIgniter->run()
 8 SYSTEMPATH\Boot.php(68): CodeIgniter\Boot::runCodeIgniter(Object(CodeIgniter\CodeIgniter))
 9 FCPATH\index.php(59): CodeIgniter\Boot::bootWeb(Object(Config\Paths))
ERROR - 2026-10-05 01:17:32 --> Cannot add or update a child row: a foreign key constraint fails (`bd_ciudadanos`.`municipios`, CONSTRAINT `municipios_ibfk_1` FOREIGN KEY (`cod_depto`) REFERENCES `departamentos` (`cod_depto`) ON DELETE CASCADE ON UPDATE CASCADE)
in SYSTEMPATH\Database\MySQLi\Connection.php on line 300.
 1 SYSTEMPATH\Database\MySQLi\Connection.php(300): mysqli->query('INSERT INTO `municipios` (`cod_depto`, `nombre_municipio`) VALUES (\'100\', \'Cuert\')', 0)
 2 SYSTEMPATH\Database\BaseConnection.php(908): CodeIgniter\Database\MySQLi\Connection->execute('INSERT INTO `municipios` (`cod_depto`, `nombre_municipio`) VALUES (\'100\', \'Cuert\')')
 3 SYSTEMPATH\Database\BaseConnection.php(825): CodeIgniter\Database\BaseConnection->simpleQuery('INSERT INTO `municipios` (`cod_depto`, `nombre_municipio`) VALUES (\'100\', \'Cuert\')')
 4 SYSTEMPATH\Database\BaseBuilder.php(2355): CodeIgniter\Database\BaseConnection->query('INSERT INTO `municipios` (`cod_depto`, `nombre_municipio`) VALUES (:cod_depto:, :nombre_municipio:)', [...], false)
 5 SYSTEMPATH\Model.php(357): CodeIgniter\Database\BaseBuilder->insert()
 6 SYSTEMPATH\BaseModel.php(899): CodeIgniter\Model->doInsert([...])
 7 SYSTEMPATH\Model.php(670): CodeIgniter\BaseModel->insert([...], true)
 8 APPPATH\Controllers\MunicipiosController.php(34): CodeIgniter\Model->insert([...])
 9 SYSTEMPATH\CodeIgniter.php(974): App\Controllers\MunicipiosController->store()
10 SYSTEMPATH\CodeIgniter.php(520): CodeIgniter\CodeIgniter->runController(Object(App\Controllers\MunicipiosController))
11 SYSTEMPATH\CodeIgniter.php(363): CodeIgniter\CodeIgniter->handleRequest(null, Object(Config\Cache), false)
12 SYSTEMPATH\Boot.php(417): CodeIgniter\CodeIgniter->run()
13 SYSTEMPATH\Boot.php(68): CodeIgniter\Boot::runCodeIgniter(Object(CodeIgniter\CodeIgniter))
14 FCPATH\index.php(59): CodeIgniter\Boot::bootWeb(Object(Config\Paths))
CRITICAL - 2026-10-05 01:17:32 --> CodeIgniter\Database\Exceptions\DatabaseException: Cannot add or update a child row: a foreign key constraint fails (`bd_ciudadanos`.`municipios`, CONSTRAINT `municipios_ibfk_1` FOREIGN KEY (`cod_depto`) REFERENCES `departamentos` (`cod_depto`) ON DELETE CASCADE ON UPDATE CASCADE)
[Method: POST, Route: municipios/store]
in SYSTEMPATH\Database\BaseConnection.php on line 863.
 1 SYSTEMPATH\Database\BaseBuilder.php(2355): CodeIgniter\Database\BaseConnection->query('INSERT INTO `municipios` (`cod_depto`, `nombre_municipio`) VALUES (:cod_depto:, :nombre_municipio:)', [...], false)
 2 SYSTEMPATH\Model.php(357): CodeIgniter\Database\BaseBuilder->insert()
 3 SYSTEMPATH\BaseModel.php(899): CodeIgniter\Model->doInsert([...])
 4 SYSTEMPATH\Model.php(670): CodeIgniter\BaseModel->insert([...], true)
 5 APPPATH\Controllers\MunicipiosController.php(34): CodeIgniter\Model->insert([...])
 6 SYSTEMPATH\CodeIgniter.php(974): App\Controllers\MunicipiosController->store()
 7 SYSTEMPATH\CodeIgniter.php(520): CodeIgniter\CodeIgniter->runController(Object(App\Controllers\MunicipiosController))
 8 SYSTEMPATH\CodeIgniter.php(363): CodeIgniter\CodeIgniter->handleRequest(null, Object(Config\Cache), false)
 9 SYSTEMPATH\Boot.php(417): CodeIgniter\CodeIgniter->run()
10 SYSTEMPATH\Boot.php(68): CodeIgniter\Boot::runCodeIgniter(Object(CodeIgniter\CodeIgniter))
11 FCPATH\index.php(59): CodeIgniter\Boot::bootWeb(Object(Config\Paths))
CRITICAL - 2026-10-05 01:17:32 --> [Caused by] CodeIgniter\Database\Exceptions\DatabaseException: Cannot add or update a child row: a foreign key constraint fails (`bd_ciudadanos`.`municipios`, CONSTRAINT `municipios_ibfk_1` FOREIGN KEY (`cod_depto`) REFERENCES `departamentos` (`cod_depto`) ON DELETE CASCADE ON UPDATE CASCADE)
in SYSTEMPATH\Database\MySQLi\Connection.php on line 310.
 1 SYSTEMPATH\Database\BaseConnection.php(908): CodeIgniter\Database\MySQLi\Connection->execute('INSERT INTO `municipios` (`cod_depto`, `nombre_municipio`) VALUES (\'100\', \'Cuert\')')
 2 SYSTEMPATH\Database\BaseConnection.php(825): CodeIgniter\Database\BaseConnection->simpleQuery('INSERT INTO `municipios` (`cod_depto`, `nombre_municipio`) VALUES (\'100\', \'Cuert\')')
 3 SYSTEMPATH\Database\BaseBuilder.php(2355): CodeIgniter\Database\BaseConnection->query('INSERT INTO `municipios` (`cod_depto`, `nombre_municipio`) VALUES (:cod_depto:, :nombre_municipio:)', [...], false)
 4 SYSTEMPATH\Model.php(357): CodeIgniter\Database\BaseBuilder->insert()
 5 SYSTEMPATH\BaseModel.php(899): CodeIgniter\Model->doInsert([...])
 6 SYSTEMPATH\Model.php(670): CodeIgniter\BaseModel->insert([...], true)
 7 APPPATH\Controllers\MunicipiosController.php(34): CodeIgniter\Model->insert([...])
 8 SYSTEMPATH\CodeIgniter.php(974): App\Controllers\MunicipiosController->store()
 9 SYSTEMPATH\CodeIgniter.php(520): CodeIgniter\CodeIgniter->runController(Object(App\Controllers\MunicipiosController))
10 SYSTEMPATH\CodeIgniter.php(363): CodeIgniter\CodeIgniter->handleRequest(null, Object(Config\Cache), false)
11 SYSTEMPATH\Boot.php(417): CodeIgniter\CodeIgniter->run()
12 SYSTEMPATH\Boot.php(68): CodeIgniter\Boot::runCodeIgniter(Object(CodeIgniter\CodeIgniter))
13 FCPATH\index.php(59): CodeIgniter\Boot::bootWeb(Object(Config\Paths))
CRITICAL - 2026-10-05 01:17:32 --> [Caused by] mysqli_sql_exception: Cannot add or update a child row: a foreign key constraint fails (`bd_ciudadanos`.`municipios`, CONSTRAINT `municipios_ibfk_1` FOREIGN KEY (`cod_depto`) REFERENCES `departamentos` (`cod_depto`) ON DELETE CASCADE ON UPDATE CASCADE)
in SYSTEMPATH\Database\MySQLi\Connection.php on line 300.
 1 SYSTEMPATH\Database\MySQLi\Connection.php(300): mysqli->query('INSERT INTO `municipios` (`cod_depto`, `nombre_municipio`) VALUES (\'100\', \'Cuert\')', 0)
 2 SYSTEMPATH\Database\BaseConnection.php(908): CodeIgniter\Database\MySQLi\Connection->execute('INSERT INTO `municipios` (`cod_depto`, `nombre_municipio`) VALUES (\'100\', \'Cuert\')')
 3 SYSTEMPATH\Database\BaseConnection.php(825): CodeIgniter\Database\BaseConnection->simpleQuery('INSERT INTO `municipios` (`cod_depto`, `nombre_municipio`) VALUES (\'100\', \'Cuert\')')
 4 SYSTEMPATH\Database\BaseBuilder.php(2355): CodeIgniter\Database\BaseConnection->query('INSERT INTO `municipios` (`cod_depto`, `nombre_municipio`) VALUES (:cod_depto:, :nombre_municipio:)', [...], false)
 5 SYSTEMPATH\Model.php(357): CodeIgniter\Database\BaseBuilder->insert()
 6 SYSTEMPATH\BaseModel.php(899): CodeIgniter\Model->doInsert([...])
 7 SYSTEMPATH\Model.php(670): CodeIgniter\BaseModel->insert([...], true)
 8 APPPATH\Controllers\MunicipiosController.php(34): CodeIgniter\Model->insert([...])
 9 SYSTEMPATH\CodeIgniter.php(974): App\Controllers\MunicipiosController->store()
10 SYSTEMPATH\CodeIgniter.php(520): CodeIgniter\CodeIgniter->runController(Object(App\Controllers\MunicipiosController))
11 SYSTEMPATH\CodeIgniter.php(363): CodeIgniter\CodeIgniter->handleRequest(null, Object(Config\Cache), false)
12 SYSTEMPATH\Boot.php(417): CodeIgniter\CodeIgniter->run()
13 SYSTEMPATH\Boot.php(68): CodeIgniter\Boot::runCodeIgniter(Object(CodeIgniter\CodeIgniter))
14 FCPATH\index.php(59): CodeIgniter\Boot::bootWeb(Object(Config\Paths))
ERROR - 2026-10-05 01:17:58 --> Cannot add or update a child row: a foreign key constraint fails (`bd_ciudadanos`.`municipios`, CONSTRAINT `municipios_ibfk_1` FOREIGN KEY (`cod_depto`) REFERENCES `departamentos` (`cod_depto`) ON DELETE CASCADE ON UPDATE CASCADE)
in SYSTEMPATH\Database\MySQLi\Connection.php on line 300.
 1 SYSTEMPATH\Database\MySQLi\Connection.php(300): mysqli->query('INSERT INTO `municipios` (`cod_depto`, `nombre_municipio`) VALUES (\'100\', \'Cuert\')', 0)
 2 SYSTEMPATH\Database\BaseConnection.php(908): CodeIgniter\Database\MySQLi\Connection->execute('INSERT INTO `municipios` (`cod_depto`, `nombre_municipio`) VALUES (\'100\', \'Cuert\')')
 3 SYSTEMPATH\Database\BaseConnection.php(825): CodeIgniter\Database\BaseConnection->simpleQuery('INSERT INTO `municipios` (`cod_depto`, `nombre_municipio`) VALUES (\'100\', \'Cuert\')')
 4 SYSTEMPATH\Database\BaseBuilder.php(2355): CodeIgniter\Database\BaseConnection->query('INSERT INTO `municipios` (`cod_depto`, `nombre_municipio`) VALUES (:cod_depto:, :nombre_municipio:)', [...], false)
 5 SYSTEMPATH\Model.php(357): CodeIgniter\Database\BaseBuilder->insert()
 6 SYSTEMPATH\BaseModel.php(899): CodeIgniter\Model->doInsert([...])
 7 SYSTEMPATH\Model.php(670): CodeIgniter\BaseModel->insert([...], true)
 8 APPPATH\Controllers\MunicipiosController.php(35): CodeIgniter\Model->insert([...])
 9 SYSTEMPATH\CodeIgniter.php(974): App\Controllers\MunicipiosController->store()
10 SYSTEMPATH\CodeIgniter.php(520): CodeIgniter\CodeIgniter->runController(Object(App\Controllers\MunicipiosController))
11 SYSTEMPATH\CodeIgniter.php(363): CodeIgniter\CodeIgniter->handleRequest(null, Object(Config\Cache), false)
12 SYSTEMPATH\Boot.php(417): CodeIgniter\CodeIgniter->run()
13 SYSTEMPATH\Boot.php(68): CodeIgniter\Boot::runCodeIgniter(Object(CodeIgniter\CodeIgniter))
14 FCPATH\index.php(59): CodeIgniter\Boot::bootWeb(Object(Config\Paths))
CRITICAL - 2026-10-05 01:17:58 --> CodeIgniter\Database\Exceptions\DatabaseException: Cannot add or update a child row: a foreign key constraint fails (`bd_ciudadanos`.`municipios`, CONSTRAINT `municipios_ibfk_1` FOREIGN KEY (`cod_depto`) REFERENCES `departamentos` (`cod_depto`) ON DELETE CASCADE ON UPDATE CASCADE)
[Method: POST, Route: municipios/store]
in SYSTEMPATH\Database\BaseConnection.php on line 863.
 1 SYSTEMPATH\Database\BaseBuilder.php(2355): CodeIgniter\Database\BaseConnection->query('INSERT INTO `municipios` (`cod_depto`, `nombre_municipio`) VALUES (:cod_depto:, :nombre_municipio:)', [...], false)
 2 SYSTEMPATH\Model.php(357): CodeIgniter\Database\BaseBuilder->insert()
 3 SYSTEMPATH\BaseModel.php(899): CodeIgniter\Model->doInsert([...])
 4 SYSTEMPATH\Model.php(670): CodeIgniter\BaseModel->insert([...], true)
 5 APPPATH\Controllers\MunicipiosController.php(35): CodeIgniter\Model->insert([...])
 6 SYSTEMPATH\CodeIgniter.php(974): App\Controllers\MunicipiosController->store()
 7 SYSTEMPATH\CodeIgniter.php(520): CodeIgniter\CodeIgniter->runController(Object(App\Controllers\MunicipiosController))
 8 SYSTEMPATH\CodeIgniter.php(363): CodeIgniter\CodeIgniter->handleRequest(null, Object(Config\Cache), false)
 9 SYSTEMPATH\Boot.php(417): CodeIgniter\CodeIgniter->run()
10 SYSTEMPATH\Boot.php(68): CodeIgniter\Boot::runCodeIgniter(Object(CodeIgniter\CodeIgniter))
11 FCPATH\index.php(59): CodeIgniter\Boot::bootWeb(Object(Config\Paths))
CRITICAL - 2026-10-05 01:17:58 --> [Caused by] CodeIgniter\Database\Exceptions\DatabaseException: Cannot add or update a child row: a foreign key constraint fails (`bd_ciudadanos`.`municipios`, CONSTRAINT `municipios_ibfk_1` FOREIGN KEY (`cod_depto`) REFERENCES `departamentos` (`cod_depto`) ON DELETE CASCADE ON UPDATE CASCADE)
in SYSTEMPATH\Database\MySQLi\Connection.php on line 310.
 1 SYSTEMPATH\Database\BaseConnection.php(908): CodeIgniter\Database\MySQLi\Connection->execute('INSERT INTO `municipios` (`cod_depto`, `nombre_municipio`) VALUES (\'100\', \'Cuert\')')
 2 SYSTEMPATH\Database\BaseConnection.php(825): CodeIgniter\Database\BaseConnection->simpleQuery('INSERT INTO `municipios` (`cod_depto`, `nombre_municipio`) VALUES (\'100\', \'Cuert\')')
 3 SYSTEMPATH\Database\BaseBuilder.php(2355): CodeIgniter\Database\BaseConnection->query('INSERT INTO `municipios` (`cod_depto`, `nombre_municipio`) VALUES (:cod_depto:, :nombre_municipio:)', [...], false)
 4 SYSTEMPATH\Model.php(357): CodeIgniter\Database\BaseBuilder->insert()
 5 SYSTEMPATH\BaseModel.php(899): CodeIgniter\Model->doInsert([...])
 6 SYSTEMPATH\Model.php(670): CodeIgniter\BaseModel->insert([...], true)
 7 APPPATH\Controllers\MunicipiosController.php(35): CodeIgniter\Model->insert([...])
 8 SYSTEMPATH\CodeIgniter.php(974): App\Controllers\MunicipiosController->store()
 9 SYSTEMPATH\CodeIgniter.php(520): CodeIgniter\CodeIgniter->runController(Object(App\Controllers\MunicipiosController))
10 SYSTEMPATH\CodeIgniter.php(363): CodeIgniter\CodeIgniter->handleRequest(null, Object(Config\Cache), false)
11 SYSTEMPATH\Boot.php(417): CodeIgniter\CodeIgniter->run()
12 SYSTEMPATH\Boot.php(68): CodeIgniter\Boot::runCodeIgniter(Object(CodeIgniter\CodeIgniter))
13 FCPATH\index.php(59): CodeIgniter\Boot::bootWeb(Object(Config\Paths))
CRITICAL - 2026-10-05 01:17:58 --> [Caused by] mysqli_sql_exception: Cannot add or update a child row: a foreign key constraint fails (`bd_ciudadanos`.`municipios`, CONSTRAINT `municipios_ibfk_1` FOREIGN KEY (`cod_depto`) REFERENCES `departamentos` (`cod_depto`) ON DELETE CASCADE ON UPDATE CASCADE)
in SYSTEMPATH\Database\MySQLi\Connection.php on line 300.
 1 SYSTEMPATH\Database\MySQLi\Connection.php(300): mysqli->query('INSERT INTO `municipios` (`cod_depto`, `nombre_municipio`) VALUES (\'100\', \'Cuert\')', 0)
 2 SYSTEMPATH\Database\BaseConnection.php(908): CodeIgniter\Database\MySQLi\Connection->execute('INSERT INTO `municipios` (`cod_depto`, `nombre_municipio`) VALUES (\'100\', \'Cuert\')')
 3 SYSTEMPATH\Database\BaseConnection.php(825): CodeIgniter\Database\BaseConnection->simpleQuery('INSERT INTO `municipios` (`cod_depto`, `nombre_municipio`) VALUES (\'100\', \'Cuert\')')
 4 SYSTEMPATH\Database\BaseBuilder.php(2355): CodeIgniter\Database\BaseConnection->query('INSERT INTO `municipios` (`cod_depto`, `nombre_municipio`) VALUES (:cod_depto:, :nombre_municipio:)', [...], false)
 5 SYSTEMPATH\Model.php(357): CodeIgniter\Database\BaseBuilder->insert()
 6 SYSTEMPATH\BaseModel.php(899): CodeIgniter\Model->doInsert([...])
 7 SYSTEMPATH\Model.php(670): CodeIgniter\BaseModel->insert([...], true)
 8 APPPATH\Controllers\MunicipiosController.php(35): CodeIgniter\Model->insert([...])
 9 SYSTEMPATH\CodeIgniter.php(974): App\Controllers\MunicipiosController->store()
10 SYSTEMPATH\CodeIgniter.php(520): CodeIgniter\CodeIgniter->runController(Object(App\Controllers\MunicipiosController))
11 SYSTEMPATH\CodeIgniter.php(363): CodeIgniter\CodeIgniter->handleRequest(null, Object(Config\Cache), false)
12 SYSTEMPATH\Boot.php(417): CodeIgniter\CodeIgniter->run()
13 SYSTEMPATH\Boot.php(68): CodeIgniter\Boot::runCodeIgniter(Object(CodeIgniter\CodeIgniter))
14 FCPATH\index.php(59): CodeIgniter\Boot::bootWeb(Object(Config\Paths))
ERROR - 2026-10-05 01:18:03 --> Cannot add or update a child row: a foreign key constraint fails (`bd_ciudadanos`.`municipios`, CONSTRAINT `municipios_ibfk_1` FOREIGN KEY (`cod_depto`) REFERENCES `departamentos` (`cod_depto`) ON DELETE CASCADE ON UPDATE CASCADE)
in SYSTEMPATH\Database\MySQLi\Connection.php on line 300.
 1 SYSTEMPATH\Database\MySQLi\Connection.php(300): mysqli->query('INSERT INTO `municipios` (`cod_depto`, `nombre_municipio`) VALUES (\'100\', \'Cuert\')', 0)
 2 SYSTEMPATH\Database\BaseConnection.php(908): CodeIgniter\Database\MySQLi\Connection->execute('INSERT INTO `municipios` (`cod_depto`, `nombre_municipio`) VALUES (\'100\', \'Cuert\')')
 3 SYSTEMPATH\Database\BaseConnection.php(825): CodeIgniter\Database\BaseConnection->simpleQuery('INSERT INTO `municipios` (`cod_depto`, `nombre_municipio`) VALUES (\'100\', \'Cuert\')')
 4 SYSTEMPATH\Database\BaseBuilder.php(2355): CodeIgniter\Database\BaseConnection->query('INSERT INTO `municipios` (`cod_depto`, `nombre_municipio`) VALUES (:cod_depto:, :nombre_municipio:)', [...], false)
 5 SYSTEMPATH\Model.php(357): CodeIgniter\Database\BaseBuilder->insert()
 6 SYSTEMPATH\BaseModel.php(899): CodeIgniter\Model->doInsert([...])
 7 SYSTEMPATH\Model.php(670): CodeIgniter\BaseModel->insert([...], true)
 8 APPPATH\Controllers\MunicipiosController.php(35): CodeIgniter\Model->insert([...])
 9 SYSTEMPATH\CodeIgniter.php(974): App\Controllers\MunicipiosController->store()
10 SYSTEMPATH\CodeIgniter.php(520): CodeIgniter\CodeIgniter->runController(Object(App\Controllers\MunicipiosController))
11 SYSTEMPATH\CodeIgniter.php(363): CodeIgniter\CodeIgniter->handleRequest(null, Object(Config\Cache), false)
12 SYSTEMPATH\Boot.php(417): CodeIgniter\CodeIgniter->run()
13 SYSTEMPATH\Boot.php(68): CodeIgniter\Boot::runCodeIgniter(Object(CodeIgniter\CodeIgniter))
14 FCPATH\index.php(59): CodeIgniter\Boot::bootWeb(Object(Config\Paths))
CRITICAL - 2026-10-05 01:18:03 --> CodeIgniter\Database\Exceptions\DatabaseException: Cannot add or update a child row: a foreign key constraint fails (`bd_ciudadanos`.`municipios`, CONSTRAINT `municipios_ibfk_1` FOREIGN KEY (`cod_depto`) REFERENCES `departamentos` (`cod_depto`) ON DELETE CASCADE ON UPDATE CASCADE)
[Method: POST, Route: municipios/store]
in SYSTEMPATH\Database\BaseConnection.php on line 863.
 1 SYSTEMPATH\Database\BaseBuilder.php(2355): CodeIgniter\Database\BaseConnection->query('INSERT INTO `municipios` (`cod_depto`, `nombre_municipio`) VALUES (:cod_depto:, :nombre_municipio:)', [...], false)
 2 SYSTEMPATH\Model.php(357): CodeIgniter\Database\BaseBuilder->insert()
 3 SYSTEMPATH\BaseModel.php(899): CodeIgniter\Model->doInsert([...])
 4 SYSTEMPATH\Model.php(670): CodeIgniter\BaseModel->insert([...], true)
 5 APPPATH\Controllers\MunicipiosController.php(35): CodeIgniter\Model->insert([...])
 6 SYSTEMPATH\CodeIgniter.php(974): App\Controllers\MunicipiosController->store()
 7 SYSTEMPATH\CodeIgniter.php(520): CodeIgniter\CodeIgniter->runController(Object(App\Controllers\MunicipiosController))
 8 SYSTEMPATH\CodeIgniter.php(363): CodeIgniter\CodeIgniter->handleRequest(null, Object(Config\Cache), false)
 9 SYSTEMPATH\Boot.php(417): CodeIgniter\CodeIgniter->run()
10 SYSTEMPATH\Boot.php(68): CodeIgniter\Boot::runCodeIgniter(Object(CodeIgniter\CodeIgniter))
11 FCPATH\index.php(59): CodeIgniter\Boot::bootWeb(Object(Config\Paths))
CRITICAL - 2026-10-05 01:18:03 --> [Caused by] CodeIgniter\Database\Exceptions\DatabaseException: Cannot add or update a child row: a foreign key constraint fails (`bd_ciudadanos`.`municipios`, CONSTRAINT `municipios_ibfk_1` FOREIGN KEY (`cod_depto`) REFERENCES `departamentos` (`cod_depto`) ON DELETE CASCADE ON UPDATE CASCADE)
in SYSTEMPATH\Database\MySQLi\Connection.php on line 310.
 1 SYSTEMPATH\Database\BaseConnection.php(908): CodeIgniter\Database\MySQLi\Connection->execute('INSERT INTO `municipios` (`cod_depto`, `nombre_municipio`) VALUES (\'100\', \'Cuert\')')
 2 SYSTEMPATH\Database\BaseConnection.php(825): CodeIgniter\Database\BaseConnection->simpleQuery('INSERT INTO `municipios` (`cod_depto`, `nombre_municipio`) VALUES (\'100\', \'Cuert\')')
 3 SYSTEMPATH\Database\BaseBuilder.php(2355): CodeIgniter\Database\BaseConnection->query('INSERT INTO `municipios` (`cod_depto`, `nombre_municipio`) VALUES (:cod_depto:, :nombre_municipio:)', [...], false)
 4 SYSTEMPATH\Model.php(357): CodeIgniter\Database\BaseBuilder->insert()
 5 SYSTEMPATH\BaseModel.php(899): CodeIgniter\Model->doInsert([...])
 6 SYSTEMPATH\Model.php(670): CodeIgniter\BaseModel->insert([...], true)
 7 APPPATH\Controllers\MunicipiosController.php(35): CodeIgniter\Model->insert([...])
 8 SYSTEMPATH\CodeIgniter.php(974): App\Controllers\MunicipiosController->store()
 9 SYSTEMPATH\CodeIgniter.php(520): CodeIgniter\CodeIgniter->runController(Object(App\Controllers\MunicipiosController))
10 SYSTEMPATH\CodeIgniter.php(363): CodeIgniter\CodeIgniter->handleRequest(null, Object(Config\Cache), false)
11 SYSTEMPATH\Boot.php(417): CodeIgniter\CodeIgniter->run()
12 SYSTEMPATH\Boot.php(68): CodeIgniter\Boot::runCodeIgniter(Object(CodeIgniter\CodeIgniter))
13 FCPATH\index.php(59): CodeIgniter\Boot::bootWeb(Object(Config\Paths))
CRITICAL - 2026-10-05 01:18:03 --> [Caused by] mysqli_sql_exception: Cannot add or update a child row: a foreign key constraint fails (`bd_ciudadanos`.`municipios`, CONSTRAINT `municipios_ibfk_1` FOREIGN KEY (`cod_depto`) REFERENCES `departamentos` (`cod_depto`) ON DELETE CASCADE ON UPDATE CASCADE)
in SYSTEMPATH\Database\MySQLi\Connection.php on line 300.
 1 SYSTEMPATH\Database\MySQLi\Connection.php(300): mysqli->query('INSERT INTO `municipios` (`cod_depto`, `nombre_municipio`) VALUES (\'100\', \'Cuert\')', 0)
 2 SYSTEMPATH\Database\BaseConnection.php(908): CodeIgniter\Database\MySQLi\Connection->execute('INSERT INTO `municipios` (`cod_depto`, `nombre_municipio`) VALUES (\'100\', \'Cuert\')')
 3 SYSTEMPATH\Database\BaseConnection.php(825): CodeIgniter\Database\BaseConnection->simpleQuery('INSERT INTO `municipios` (`cod_depto`, `nombre_municipio`) VALUES (\'100\', \'Cuert\')')
 4 SYSTEMPATH\Database\BaseBuilder.php(2355): CodeIgniter\Database\BaseConnection->query('INSERT INTO `municipios` (`cod_depto`, `nombre_municipio`) VALUES (:cod_depto:, :nombre_municipio:)', [...], false)
 5 SYSTEMPATH\Model.php(357): CodeIgniter\Database\BaseBuilder->insert()
 6 SYSTEMPATH\BaseModel.php(899): CodeIgniter\Model->doInsert([...])
 7 SYSTEMPATH\Model.php(670): CodeIgniter\BaseModel->insert([...], true)
 8 APPPATH\Controllers\MunicipiosController.php(35): CodeIgniter\Model->insert([...])
 9 SYSTEMPATH\CodeIgniter.php(974): App\Controllers\MunicipiosController->store()
10 SYSTEMPATH\CodeIgniter.php(520): CodeIgniter\CodeIgniter->runController(Object(App\Controllers\MunicipiosController))
11 SYSTEMPATH\CodeIgniter.php(363): CodeIgniter\CodeIgniter->handleRequest(null, Object(Config\Cache), false)
12 SYSTEMPATH\Boot.php(417): CodeIgniter\CodeIgniter->run()
13 SYSTEMPATH\Boot.php(68): CodeIgniter\Boot::runCodeIgniter(Object(CodeIgniter\CodeIgniter))
14 FCPATH\index.php(59): CodeIgniter\Boot::bootWeb(Object(Config\Paths))
ERROR - 2026-10-05 01:20:15 --> Cannot add or update a child row: a foreign key constraint fails (`bd_ciudadanos`.`municipios`, CONSTRAINT `municipios_ibfk_1` FOREIGN KEY (`cod_depto`) REFERENCES `departamentos` (`cod_depto`) ON DELETE CASCADE ON UPDATE CASCADE)
in SYSTEMPATH\Database\MySQLi\Connection.php on line 300.
 1 SYSTEMPATH\Database\MySQLi\Connection.php(300): mysqli->query('INSERT INTO `municipios` (`cod_depto`, `nombre_municipio`) VALUES (100, \'Cuert\')', 0)
 2 SYSTEMPATH\Database\BaseConnection.php(908): CodeIgniter\Database\MySQLi\Connection->execute('INSERT INTO `municipios` (`cod_depto`, `nombre_municipio`) VALUES (100, \'Cuert\')')
 3 SYSTEMPATH\Database\BaseConnection.php(825): CodeIgniter\Database\BaseConnection->simpleQuery('INSERT INTO `municipios` (`cod_depto`, `nombre_municipio`) VALUES (100, \'Cuert\')')
 4 SYSTEMPATH\Database\BaseBuilder.php(2355): CodeIgniter\Database\BaseConnection->query('INSERT INTO `municipios` (`cod_depto`, `nombre_municipio`) VALUES (:cod_depto:, :nombre_municipio:)', [...], false)
 5 SYSTEMPATH\Model.php(357): CodeIgniter\Database\BaseBuilder->insert()
 6 SYSTEMPATH\BaseModel.php(899): CodeIgniter\Model->doInsert([...])
 7 SYSTEMPATH\Model.php(670): CodeIgniter\BaseModel->insert([...], true)
 8 APPPATH\Controllers\MunicipiosController.php(40): CodeIgniter\Model->insert([...])
 9 SYSTEMPATH\CodeIgniter.php(974): App\Controllers\MunicipiosController->store()
10 SYSTEMPATH\CodeIgniter.php(520): CodeIgniter\CodeIgniter->runController(Object(App\Controllers\MunicipiosController))
11 SYSTEMPATH\CodeIgniter.php(363): CodeIgniter\CodeIgniter->handleRequest(null, Object(Config\Cache), false)
12 SYSTEMPATH\Boot.php(417): CodeIgniter\CodeIgniter->run()
13 SYSTEMPATH\Boot.php(68): CodeIgniter\Boot::runCodeIgniter(Object(CodeIgniter\CodeIgniter))
14 FCPATH\index.php(59): CodeIgniter\Boot::bootWeb(Object(Config\Paths))
CRITICAL - 2026-10-05 01:20:15 --> CodeIgniter\Database\Exceptions\DatabaseException: Cannot add or update a child row: a foreign key constraint fails (`bd_ciudadanos`.`municipios`, CONSTRAINT `municipios_ibfk_1` FOREIGN KEY (`cod_depto`) REFERENCES `departamentos` (`cod_depto`) ON DELETE CASCADE ON UPDATE CASCADE)
[Method: POST, Route: municipios/store]
in SYSTEMPATH\Database\BaseConnection.php on line 863.
 1 SYSTEMPATH\Database\BaseBuilder.php(2355): CodeIgniter\Database\BaseConnection->query('INSERT INTO `municipios` (`cod_depto`, `nombre_municipio`) VALUES (:cod_depto:, :nombre_municipio:)', [...], false)
 2 SYSTEMPATH\Model.php(357): CodeIgniter\Database\BaseBuilder->insert()
 3 SYSTEMPATH\BaseModel.php(899): CodeIgniter\Model->doInsert([...])
 4 SYSTEMPATH\Model.php(670): CodeIgniter\BaseModel->insert([...], true)
 5 APPPATH\Controllers\MunicipiosController.php(40): CodeIgniter\Model->insert([...])
 6 SYSTEMPATH\CodeIgniter.php(974): App\Controllers\MunicipiosController->store()
 7 SYSTEMPATH\CodeIgniter.php(520): CodeIgniter\CodeIgniter->runController(Object(App\Controllers\MunicipiosController))
 8 SYSTEMPATH\CodeIgniter.php(363): CodeIgniter\CodeIgniter->handleRequest(null, Object(Config\Cache), false)
 9 SYSTEMPATH\Boot.php(417): CodeIgniter\CodeIgniter->run()
10 SYSTEMPATH\Boot.php(68): CodeIgniter\Boot::runCodeIgniter(Object(CodeIgniter\CodeIgniter))
11 FCPATH\index.php(59): CodeIgniter\Boot::bootWeb(Object(Config\Paths))
CRITICAL - 2026-10-05 01:20:15 --> [Caused by] CodeIgniter\Database\Exceptions\DatabaseException: Cannot add or update a child row: a foreign key constraint fails (`bd_ciudadanos`.`municipios`, CONSTRAINT `municipios_ibfk_1` FOREIGN KEY (`cod_depto`) REFERENCES `departamentos` (`cod_depto`) ON DELETE CASCADE ON UPDATE CASCADE)
in SYSTEMPATH\Database\MySQLi\Connection.php on line 310.
 1 SYSTEMPATH\Database\BaseConnection.php(908): CodeIgniter\Database\MySQLi\Connection->execute('INSERT INTO `municipios` (`cod_depto`, `nombre_municipio`) VALUES (100, \'Cuert\')')
 2 SYSTEMPATH\Database\BaseConnection.php(825): CodeIgniter\Database\BaseConnection->simpleQuery('INSERT INTO `municipios` (`cod_depto`, `nombre_municipio`) VALUES (100, \'Cuert\')')
 3 SYSTEMPATH\Database\BaseBuilder.php(2355): CodeIgniter\Database\BaseConnection->query('INSERT INTO `municipios` (`cod_depto`, `nombre_municipio`) VALUES (:cod_depto:, :nombre_municipio:)', [...], false)
 4 SYSTEMPATH\Model.php(357): CodeIgniter\Database\BaseBuilder->insert()
 5 SYSTEMPATH\BaseModel.php(899): CodeIgniter\Model->doInsert([...])
 6 SYSTEMPATH\Model.php(670): CodeIgniter\BaseModel->insert([...], true)
 7 APPPATH\Controllers\MunicipiosController.php(40): CodeIgniter\Model->insert([...])
 8 SYSTEMPATH\CodeIgniter.php(974): App\Controllers\MunicipiosController->store()
 9 SYSTEMPATH\CodeIgniter.php(520): CodeIgniter\CodeIgniter->runController(Object(App\Controllers\MunicipiosController))
10 SYSTEMPATH\CodeIgniter.php(363): CodeIgniter\CodeIgniter->handleRequest(null, Object(Config\Cache), false)
11 SYSTEMPATH\Boot.php(417): CodeIgniter\CodeIgniter->run()
12 SYSTEMPATH\Boot.php(68): CodeIgniter\Boot::runCodeIgniter(Object(CodeIgniter\CodeIgniter))
13 FCPATH\index.php(59): CodeIgniter\Boot::bootWeb(Object(Config\Paths))
CRITICAL - 2026-10-05 01:20:15 --> [Caused by] mysqli_sql_exception: Cannot add or update a child row: a foreign key constraint fails (`bd_ciudadanos`.`municipios`, CONSTRAINT `municipios_ibfk_1` FOREIGN KEY (`cod_depto`) REFERENCES `departamentos` (`cod_depto`) ON DELETE CASCADE ON UPDATE CASCADE)
in SYSTEMPATH\Database\MySQLi\Connection.php on line 300.
 1 SYSTEMPATH\Database\MySQLi\Connection.php(300): mysqli->query('INSERT INTO `municipios` (`cod_depto`, `nombre_municipio`) VALUES (100, \'Cuert\')', 0)
 2 SYSTEMPATH\Database\BaseConnection.php(908): CodeIgniter\Database\MySQLi\Connection->execute('INSERT INTO `municipios` (`cod_depto`, `nombre_municipio`) VALUES (100, \'Cuert\')')
 3 SYSTEMPATH\Database\BaseConnection.php(825): CodeIgniter\Database\BaseConnection->simpleQuery('INSERT INTO `municipios` (`cod_depto`, `nombre_municipio`) VALUES (100, \'Cuert\')')
 4 SYSTEMPATH\Database\BaseBuilder.php(2355): CodeIgniter\Database\BaseConnection->query('INSERT INTO `municipios` (`cod_depto`, `nombre_municipio`) VALUES (:cod_depto:, :nombre_municipio:)', [...], false)
 5 SYSTEMPATH\Model.php(357): CodeIgniter\Database\BaseBuilder->insert()
 6 SYSTEMPATH\BaseModel.php(899): CodeIgniter\Model->doInsert([...])
 7 SYSTEMPATH\Model.php(670): CodeIgniter\BaseModel->insert([...], true)
 8 APPPATH\Controllers\MunicipiosController.php(40): CodeIgniter\Model->insert([...])
 9 SYSTEMPATH\CodeIgniter.php(974): App\Controllers\MunicipiosController->store()
10 SYSTEMPATH\CodeIgniter.php(520): CodeIgniter\CodeIgniter->runController(Object(App\Controllers\MunicipiosController))
11 SYSTEMPATH\CodeIgniter.php(363): CodeIgniter\CodeIgniter->handleRequest(null, Object(Config\Cache), false)
12 SYSTEMPATH\Boot.php(417): CodeIgniter\CodeIgniter->run()
13 SYSTEMPATH\Boot.php(68): CodeIgniter\Boot::runCodeIgniter(Object(CodeIgniter\CodeIgniter))
14 FCPATH\index.php(59): CodeIgniter\Boot::bootWeb(Object(Config\Paths))
ERROR - 2026-10-05 01:20:22 --> Cannot add or update a child row: a foreign key constraint fails (`bd_ciudadanos`.`municipios`, CONSTRAINT `municipios_ibfk_1` FOREIGN KEY (`cod_depto`) REFERENCES `departamentos` (`cod_depto`) ON DELETE CASCADE ON UPDATE CASCADE)
in SYSTEMPATH\Database\MySQLi\Connection.php on line 300.
 1 SYSTEMPATH\Database\MySQLi\Connection.php(300): mysqli->query('INSERT INTO `municipios` (`cod_depto`, `nombre_municipio`) VALUES (100, \'Cuert\')', 0)
 2 SYSTEMPATH\Database\BaseConnection.php(908): CodeIgniter\Database\MySQLi\Connection->execute('INSERT INTO `municipios` (`cod_depto`, `nombre_municipio`) VALUES (100, \'Cuert\')')
 3 SYSTEMPATH\Database\BaseConnection.php(825): CodeIgniter\Database\BaseConnection->simpleQuery('INSERT INTO `municipios` (`cod_depto`, `nombre_municipio`) VALUES (100, \'Cuert\')')
 4 SYSTEMPATH\Database\BaseBuilder.php(2355): CodeIgniter\Database\BaseConnection->query('INSERT INTO `municipios` (`cod_depto`, `nombre_municipio`) VALUES (:cod_depto:, :nombre_municipio:)', [...], false)
 5 SYSTEMPATH\Model.php(357): CodeIgniter\Database\BaseBuilder->insert()
 6 SYSTEMPATH\BaseModel.php(899): CodeIgniter\Model->doInsert([...])
 7 SYSTEMPATH\Model.php(670): CodeIgniter\BaseModel->insert([...], true)
 8 APPPATH\Controllers\MunicipiosController.php(40): CodeIgniter\Model->insert([...])
 9 SYSTEMPATH\CodeIgniter.php(974): App\Controllers\MunicipiosController->store()
10 SYSTEMPATH\CodeIgniter.php(520): CodeIgniter\CodeIgniter->runController(Object(App\Controllers\MunicipiosController))
11 SYSTEMPATH\CodeIgniter.php(363): CodeIgniter\CodeIgniter->handleRequest(null, Object(Config\Cache), false)
12 SYSTEMPATH\Boot.php(417): CodeIgniter\CodeIgniter->run()
13 SYSTEMPATH\Boot.php(68): CodeIgniter\Boot::runCodeIgniter(Object(CodeIgniter\CodeIgniter))
14 FCPATH\index.php(59): CodeIgniter\Boot::bootWeb(Object(Config\Paths))
CRITICAL - 2026-10-05 01:20:22 --> CodeIgniter\Database\Exceptions\DatabaseException: Cannot add or update a child row: a foreign key constraint fails (`bd_ciudadanos`.`municipios`, CONSTRAINT `municipios_ibfk_1` FOREIGN KEY (`cod_depto`) REFERENCES `departamentos` (`cod_depto`) ON DELETE CASCADE ON UPDATE CASCADE)
[Method: POST, Route: municipios/store]
in SYSTEMPATH\Database\BaseConnection.php on line 863.
 1 SYSTEMPATH\Database\BaseBuilder.php(2355): CodeIgniter\Database\BaseConnection->query('INSERT INTO `municipios` (`cod_depto`, `nombre_municipio`) VALUES (:cod_depto:, :nombre_municipio:)', [...], false)
 2 SYSTEMPATH\Model.php(357): CodeIgniter\Database\BaseBuilder->insert()
 3 SYSTEMPATH\BaseModel.php(899): CodeIgniter\Model->doInsert([...])
 4 SYSTEMPATH\Model.php(670): CodeIgniter\BaseModel->insert([...], true)
 5 APPPATH\Controllers\MunicipiosController.php(40): CodeIgniter\Model->insert([...])
 6 SYSTEMPATH\CodeIgniter.php(974): App\Controllers\MunicipiosController->store()
 7 SYSTEMPATH\CodeIgniter.php(520): CodeIgniter\CodeIgniter->runController(Object(App\Controllers\MunicipiosController))
 8 SYSTEMPATH\CodeIgniter.php(363): CodeIgniter\CodeIgniter->handleRequest(null, Object(Config\Cache), false)
 9 SYSTEMPATH\Boot.php(417): CodeIgniter\CodeIgniter->run()
10 SYSTEMPATH\Boot.php(68): CodeIgniter\Boot::runCodeIgniter(Object(CodeIgniter\CodeIgniter))
11 FCPATH\index.php(59): CodeIgniter\Boot::bootWeb(Object(Config\Paths))
CRITICAL - 2026-10-05 01:20:22 --> [Caused by] CodeIgniter\Database\Exceptions\DatabaseException: Cannot add or update a child row: a foreign key constraint fails (`bd_ciudadanos`.`municipios`, CONSTRAINT `municipios_ibfk_1` FOREIGN KEY (`cod_depto`) REFERENCES `departamentos` (`cod_depto`) ON DELETE CASCADE ON UPDATE CASCADE)
in SYSTEMPATH\Database\MySQLi\Connection.php on line 310.
 1 SYSTEMPATH\Database\BaseConnection.php(908): CodeIgniter\Database\MySQLi\Connection->execute('INSERT INTO `municipios` (`cod_depto`, `nombre_municipio`) VALUES (100, \'Cuert\')')
 2 SYSTEMPATH\Database\BaseConnection.php(825): CodeIgniter\Database\BaseConnection->simpleQuery('INSERT INTO `municipios` (`cod_depto`, `nombre_municipio`) VALUES (100, \'Cuert\')')
 3 SYSTEMPATH\Database\BaseBuilder.php(2355): CodeIgniter\Database\BaseConnection->query('INSERT INTO `municipios` (`cod_depto`, `nombre_municipio`) VALUES (:cod_depto:, :nombre_municipio:)', [...], false)
 4 SYSTEMPATH\Model.php(357): CodeIgniter\Database\BaseBuilder->insert()
 5 SYSTEMPATH\BaseModel.php(899): CodeIgniter\Model->doInsert([...])
 6 SYSTEMPATH\Model.php(670): CodeIgniter\BaseModel->insert([...], true)
 7 APPPATH\Controllers\MunicipiosController.php(40): CodeIgniter\Model->insert([...])
 8 SYSTEMPATH\CodeIgniter.php(974): App\Controllers\MunicipiosController->store()
 9 SYSTEMPATH\CodeIgniter.php(520): CodeIgniter\CodeIgniter->runController(Object(App\Controllers\MunicipiosController))
10 SYSTEMPATH\CodeIgniter.php(363): CodeIgniter\CodeIgniter->handleRequest(null, Object(Config\Cache), false)
11 SYSTEMPATH\Boot.php(417): CodeIgniter\CodeIgniter->run()
12 SYSTEMPATH\Boot.php(68): CodeIgniter\Boot::runCodeIgniter(Object(CodeIgniter\CodeIgniter))
13 FCPATH\index.php(59): CodeIgniter\Boot::bootWeb(Object(Config\Paths))
CRITICAL - 2026-10-05 01:20:22 --> [Caused by] mysqli_sql_exception: Cannot add or update a child row: a foreign key constraint fails (`bd_ciudadanos`.`municipios`, CONSTRAINT `municipios_ibfk_1` FOREIGN KEY (`cod_depto`) REFERENCES `departamentos` (`cod_depto`) ON DELETE CASCADE ON UPDATE CASCADE)
in SYSTEMPATH\Database\MySQLi\Connection.php on line 300.
 1 SYSTEMPATH\Database\MySQLi\Connection.php(300): mysqli->query('INSERT INTO `municipios` (`cod_depto`, `nombre_municipio`) VALUES (100, \'Cuert\')', 0)
 2 SYSTEMPATH\Database\BaseConnection.php(908): CodeIgniter\Database\MySQLi\Connection->execute('INSERT INTO `municipios` (`cod_depto`, `nombre_municipio`) VALUES (100, \'Cuert\')')
 3 SYSTEMPATH\Database\BaseConnection.php(825): CodeIgniter\Database\BaseConnection->simpleQuery('INSERT INTO `municipios` (`cod_depto`, `nombre_municipio`) VALUES (100, \'Cuert\')')
 4 SYSTEMPATH\Database\BaseBuilder.php(2355): CodeIgniter\Database\BaseConnection->query('INSERT INTO `municipios` (`cod_depto`, `nombre_municipio`) VALUES (:cod_depto:, :nombre_municipio:)', [...], false)
 5 SYSTEMPATH\Model.php(357): CodeIgniter\Database\BaseBuilder->insert()
 6 SYSTEMPATH\BaseModel.php(899): CodeIgniter\Model->doInsert([...])
 7 SYSTEMPATH\Model.php(670): CodeIgniter\BaseModel->insert([...], true)
 8 APPPATH\Controllers\MunicipiosController.php(40): CodeIgniter\Model->insert([...])
 9 SYSTEMPATH\CodeIgniter.php(974): App\Controllers\MunicipiosController->store()
10 SYSTEMPATH\CodeIgniter.php(520): CodeIgniter\CodeIgniter->runController(Object(App\Controllers\MunicipiosController))
11 SYSTEMPATH\CodeIgniter.php(363): CodeIgniter\CodeIgniter->handleRequest(null, Object(Config\Cache), false)
12 SYSTEMPATH\Boot.php(417): CodeIgniter\CodeIgniter->run()
13 SYSTEMPATH\Boot.php(68): CodeIgniter\Boot::runCodeIgniter(Object(CodeIgniter\CodeIgniter))
14 FCPATH\index.php(59): CodeIgniter\Boot::bootWeb(Object(Config\Paths))
ERROR - 2026-10-05 01:22:03 --> Unknown column 'nombre' in 'field list'
in SYSTEMPATH\Database\MySQLi\Connection.php on line 300.
 1 SYSTEMPATH\Database\MySQLi\Connection.php(300): mysqli->query('INSERT INTO `departamentos` (`nombre`, `region_id`)
VALUES (\'Departamento A\',1), (\'Departamento B\',2), (\'Departamento C\',1)', 0)
 2 SYSTEMPATH\Database\BaseConnection.php(908): CodeIgniter\Database\MySQLi\Connection->execute('INSERT INTO `departamentos` (`nombre`, `region_id`)
VALUES (\'Departamento A\',1), (\'Departamento B\',2), (\'Departamento C\',1)')
 3 SYSTEMPATH\Database\BaseConnection.php(825): CodeIgniter\Database\BaseConnection->simpleQuery('INSERT INTO `departamentos` (`nombre`, `region_id`)
VALUES (\'Departamento A\',1), (\'Departamento B\',2), (\'Departamento C\',1)')
 4 SYSTEMPATH\Database\BaseBuilder.php(1851): CodeIgniter\Database\BaseConnection->query('INSERT INTO `departamentos` (`nombre`, `region_id`)
VALUES (\'Departamento A\',1), (\'Departamento B\',2), (\'Departamento C\',1)', null, false)
 5 SYSTEMPATH\Database\BaseBuilder.php(2240): CodeIgniter\Database\BaseBuilder->batchExecute('_insertBatch', 100)
 6 APPPATH\Database\Seeds\DepartamentoSeeder.php(16): CodeIgniter\Database\BaseBuilder->insertBatch([...])
 7 SYSTEMPATH\Database\Seeder.php(155): App\Database\Seeds\DepartamentoSeeder->run()
 8 SYSTEMPATH\Commands\Database\Seed.php(79): CodeIgniter\Database\Seeder->call('App\\Database\\Seeds\\DepartamentoSeeder')
 9 SYSTEMPATH\CLI\Commands.php(72): CodeIgniter\Commands\Database\Seed->run([])
10 SYSTEMPATH\CLI\Console.php(47): CodeIgniter\CLI\Commands->run('db:seed', [...])
11 SYSTEMPATH\Boot.php(444): CodeIgniter\CLI\Console->run()
12 SYSTEMPATH\Boot.php(166): CodeIgniter\Boot::runCommand(Object(CodeIgniter\CLI\Console))
13 ROOTPATH\spark(87): CodeIgniter\Boot::bootSpark(Object(Config\Paths))
CRITICAL - 2026-10-05 01:23:26 --> CodeIgniter\Exceptions\InvalidArgumentException: Invalid primary key: '0' is not allowed.
[Method: POST, Route: municipios/delete/0]
in SYSTEMPATH\BaseModel.php on line 833.
 1 SYSTEMPATH\BaseModel.php(818): CodeIgniter\BaseModel->validateID('0', false)
 2 SYSTEMPATH\BaseModel.php(1191): CodeIgniter\BaseModel->validateID([...])
 3 APPPATH\Controllers\MunicipiosController.php(62): CodeIgniter\BaseModel->delete([...])
 4 SYSTEMPATH\CodeIgniter.php(974): App\Controllers\MunicipiosController->delete('0')
 5 SYSTEMPATH\CodeIgniter.php(520): CodeIgniter\CodeIgniter->runController(Object(App\Controllers\MunicipiosController))
 6 SYSTEMPATH\CodeIgniter.php(363): CodeIgniter\CodeIgniter->handleRequest(null, Object(Config\Cache), false)
 7 SYSTEMPATH\Boot.php(417): CodeIgniter\CodeIgniter->run()
 8 SYSTEMPATH\Boot.php(68): CodeIgniter\Boot::runCodeIgniter(Object(CodeIgniter\CodeIgniter))
 9 FCPATH\index.php(59): CodeIgniter\Boot::bootWeb(Object(Config\Paths))
ERROR - 2026-10-05 01:25:14 --> Unknown column 'created_at' in 'field list'
in SYSTEMPATH\Database\MySQLi\Connection.php on line 300.
 1 SYSTEMPATH\Database\MySQLi\Connection.php(300): mysqli->query('INSERT INTO `departamentos` (`nombre_depto`, `cod_region`, `created_at`, `updated_at`) VALUES (\'San Andreas\', \'29\', \'2026-10-05 01:25:14\', \'2026-10-05 01:25:14\')', 0)
 2 SYSTEMPATH\Database\BaseConnection.php(908): CodeIgniter\Database\MySQLi\Connection->execute('INSERT INTO `departamentos` (`nombre_depto`, `cod_region`, `created_at`, `updated_at`) VALUES (\'San Andreas\', \'29\', \'2026-10-05 01:25:14\', \'2026-10-05 01:25:14\')')
 3 SYSTEMPATH\Database\BaseConnection.php(825): CodeIgniter\Database\BaseConnection->simpleQuery('INSERT INTO `departamentos` (`nombre_depto`, `cod_region`, `created_at`, `updated_at`) VALUES (\'San Andreas\', \'29\', \'2026-10-05 01:25:14\', \'2026-10-05 01:25:14\')')
 4 SYSTEMPATH\Database\BaseBuilder.php(2355): CodeIgniter\Database\BaseConnection->query('INSERT INTO `departamentos` (`nombre_depto`, `cod_region`, `created_at`, `updated_at`) VALUES (:nombre_depto:, :cod_region:, :created_at:, :updated_at:)', [...], false)
 5 SYSTEMPATH\Model.php(357): CodeIgniter\Database\BaseBuilder->insert()
 6 SYSTEMPATH\BaseModel.php(899): CodeIgniter\Model->doInsert([...])
 7 SYSTEMPATH\Model.php(670): CodeIgniter\BaseModel->insert([...], true)
 8 APPPATH\Controllers\DepartamentosController.php(31): CodeIgniter\Model->insert([...])
 9 SYSTEMPATH\CodeIgniter.php(974): App\Controllers\DepartamentosController->store()
10 SYSTEMPATH\CodeIgniter.php(520): CodeIgniter\CodeIgniter->runController(Object(App\Controllers\DepartamentosController))
11 SYSTEMPATH\CodeIgniter.php(363): CodeIgniter\CodeIgniter->handleRequest(null, Object(Config\Cache), false)
12 SYSTEMPATH\Boot.php(417): CodeIgniter\CodeIgniter->run()
13 SYSTEMPATH\Boot.php(68): CodeIgniter\Boot::runCodeIgniter(Object(CodeIgniter\CodeIgniter))
14 FCPATH\index.php(59): CodeIgniter\Boot::bootWeb(Object(Config\Paths))
CRITICAL - 2026-10-05 01:25:14 --> CodeIgniter\Database\Exceptions\DatabaseException: Unknown column 'created_at' in 'field list'
[Method: POST, Route: departamentos/store]
in SYSTEMPATH\Database\BaseConnection.php on line 863.
 1 SYSTEMPATH\Database\BaseBuilder.php(2355): CodeIgniter\Database\BaseConnection->query('INSERT INTO `departamentos` (`nombre_depto`, `cod_region`, `created_at`, `updated_at`) VALUES (:nombre_depto:, :cod_region:, :created_at:, :updated_at:)', [...], false)
 2 SYSTEMPATH\Model.php(357): CodeIgniter\Database\BaseBuilder->insert()
 3 SYSTEMPATH\BaseModel.php(899): CodeIgniter\Model->doInsert([...])
 4 SYSTEMPATH\Model.php(670): CodeIgniter\BaseModel->insert([...], true)
 5 APPPATH\Controllers\DepartamentosController.php(31): CodeIgniter\Model->insert([...])
 6 SYSTEMPATH\CodeIgniter.php(974): App\Controllers\DepartamentosController->store()
 7 SYSTEMPATH\CodeIgniter.php(520): CodeIgniter\CodeIgniter->runController(Object(App\Controllers\DepartamentosController))
 8 SYSTEMPATH\CodeIgniter.php(363): CodeIgniter\CodeIgniter->handleRequest(null, Object(Config\Cache), false)
 9 SYSTEMPATH\Boot.php(417): CodeIgniter\CodeIgniter->run()
10 SYSTEMPATH\Boot.php(68): CodeIgniter\Boot::runCodeIgniter(Object(CodeIgniter\CodeIgniter))
11 FCPATH\index.php(59): CodeIgniter\Boot::bootWeb(Object(Config\Paths))
CRITICAL - 2026-10-05 01:25:14 --> [Caused by] CodeIgniter\Database\Exceptions\DatabaseException: Unknown column 'created_at' in 'field list'
in SYSTEMPATH\Database\MySQLi\Connection.php on line 310.
 1 SYSTEMPATH\Database\BaseConnection.php(908): CodeIgniter\Database\MySQLi\Connection->execute('INSERT INTO `departamentos` (`nombre_depto`, `cod_region`, `created_at`, `updated_at`) VALUES (\'San Andreas\', \'29\', \'2026-10-05 01:25:14\', \'2026-10-05 01:25:14\')')
 2 SYSTEMPATH\Database\BaseConnection.php(825): CodeIgniter\Database\BaseConnection->simpleQuery('INSERT INTO `departamentos` (`nombre_depto`, `cod_region`, `created_at`, `updated_at`) VALUES (\'San Andreas\', \'29\', \'2026-10-05 01:25:14\', \'2026-10-05 01:25:14\')')
 3 SYSTEMPATH\Database\BaseBuilder.php(2355): CodeIgniter\Database\BaseConnection->query('INSERT INTO `departamentos` (`nombre_depto`, `cod_region`, `created_at`, `updated_at`) VALUES (:nombre_depto:, :cod_region:, :created_at:, :updated_at:)', [...], false)
 4 SYSTEMPATH\Model.php(357): CodeIgniter\Database\BaseBuilder->insert()
 5 SYSTEMPATH\BaseModel.php(899): CodeIgniter\Model->doInsert([...])
 6 SYSTEMPATH\Model.php(670): CodeIgniter\BaseModel->insert([...], true)
 7 APPPATH\Controllers\DepartamentosController.php(31): CodeIgniter\Model->insert([...])
 8 SYSTEMPATH\CodeIgniter.php(974): App\Controllers\DepartamentosController->store()
 9 SYSTEMPATH\CodeIgniter.php(520): CodeIgniter\CodeIgniter->runController(Object(App\Controllers\DepartamentosController))
10 SYSTEMPATH\CodeIgniter.php(363): CodeIgniter\CodeIgniter->handleRequest(null, Object(Config\Cache), false)
11 SYSTEMPATH\Boot.php(417): CodeIgniter\CodeIgniter->run()
12 SYSTEMPATH\Boot.php(68): CodeIgniter\Boot::runCodeIgniter(Object(CodeIgniter\CodeIgniter))
13 FCPATH\index.php(59): CodeIgniter\Boot::bootWeb(Object(Config\Paths))
CRITICAL - 2026-10-05 01:25:14 --> [Caused by] mysqli_sql_exception: Unknown column 'created_at' in 'field list'
in SYSTEMPATH\Database\MySQLi\Connection.php on line 300.
 1 SYSTEMPATH\Database\MySQLi\Connection.php(300): mysqli->query('INSERT INTO `departamentos` (`nombre_depto`, `cod_region`, `created_at`, `updated_at`) VALUES (\'San Andreas\', \'29\', \'2026-10-05 01:25:14\', \'2026-10-05 01:25:14\')', 0)
 2 SYSTEMPATH\Database\BaseConnection.php(908): CodeIgniter\Database\MySQLi\Connection->execute('INSERT INTO `departamentos` (`nombre_depto`, `cod_region`, `created_at`, `updated_at`) VALUES (\'San Andreas\', \'29\', \'2026-10-05 01:25:14\', \'2026-10-05 01:25:14\')')
 3 SYSTEMPATH\Database\BaseConnection.php(825): CodeIgniter\Database\BaseConnection->simpleQuery('INSERT INTO `departamentos` (`nombre_depto`, `cod_region`, `created_at`, `updated_at`) VALUES (\'San Andreas\', \'29\', \'2026-10-05 01:25:14\', \'2026-10-05 01:25:14\')')
 4 SYSTEMPATH\Database\BaseBuilder.php(2355): CodeIgniter\Database\BaseConnection->query('INSERT INTO `departamentos` (`nombre_depto`, `cod_region`, `created_at`, `updated_at`) VALUES (:nombre_depto:, :cod_region:, :created_at:, :updated_at:)', [...], false)
 5 SYSTEMPATH\Model.php(357): CodeIgniter\Database\BaseBuilder->insert()
 6 SYSTEMPATH\BaseModel.php(899): CodeIgniter\Model->doInsert([...])
 7 SYSTEMPATH\Model.php(670): CodeIgniter\BaseModel->insert([...], true)
 8 APPPATH\Controllers\DepartamentosController.php(31): CodeIgniter\Model->insert([...])
 9 SYSTEMPATH\CodeIgniter.php(974): App\Controllers\DepartamentosController->store()
10 SYSTEMPATH\CodeIgniter.php(520): CodeIgniter\CodeIgniter->runController(Object(App\Controllers\DepartamentosController))
11 SYSTEMPATH\CodeIgniter.php(363): CodeIgniter\CodeIgniter->handleRequest(null, Object(Config\Cache), false)
12 SYSTEMPATH\Boot.php(417): CodeIgniter\CodeIgniter->run()
13 SYSTEMPATH\Boot.php(68): CodeIgniter\Boot::runCodeIgniter(Object(CodeIgniter\CodeIgniter))
14 FCPATH\index.php(59): CodeIgniter\Boot::bootWeb(Object(Config\Paths))
ERROR - 2026-10-05 01:25:25 --> Unknown column 'created_at' in 'field list'
in SYSTEMPATH\Database\MySQLi\Connection.php on line 300.
 1 SYSTEMPATH\Database\MySQLi\Connection.php(300): mysqli->query('INSERT INTO `departamentos` (`nombre_depto`, `cod_region`, `created_at`, `updated_at`) VALUES (\'San Andreas\', \'29\', \'2026-10-05 01:25:25\', \'2026-10-05 01:25:25\')', 0)
 2 SYSTEMPATH\Database\BaseConnection.php(908): CodeIgniter\Database\MySQLi\Connection->execute('INSERT INTO `departamentos` (`nombre_depto`, `cod_region`, `created_at`, `updated_at`) VALUES (\'San Andreas\', \'29\', \'2026-10-05 01:25:25\', \'2026-10-05 01:25:25\')')
 3 SYSTEMPATH\Database\BaseConnection.php(825): CodeIgniter\Database\BaseConnection->simpleQuery('INSERT INTO `departamentos` (`nombre_depto`, `cod_region`, `created_at`, `updated_at`) VALUES (\'San Andreas\', \'29\', \'2026-10-05 01:25:25\', \'2026-10-05 01:25:25\')')
 4 SYSTEMPATH\Database\BaseBuilder.php(2355): CodeIgniter\Database\BaseConnection->query('INSERT INTO `departamentos` (`nombre_depto`, `cod_region`, `created_at`, `updated_at`) VALUES (:nombre_depto:, :cod_region:, :created_at:, :updated_at:)', [...], false)
 5 SYSTEMPATH\Model.php(357): CodeIgniter\Database\BaseBuilder->insert()
 6 SYSTEMPATH\BaseModel.php(899): CodeIgniter\Model->doInsert([...])
 7 SYSTEMPATH\Model.php(670): CodeIgniter\BaseModel->insert([...], true)
 8 APPPATH\Controllers\DepartamentosController.php(31): CodeIgniter\Model->insert([...])
 9 SYSTEMPATH\CodeIgniter.php(974): App\Controllers\DepartamentosController->store()
10 SYSTEMPATH\CodeIgniter.php(520): CodeIgniter\CodeIgniter->runController(Object(App\Controllers\DepartamentosController))
11 SYSTEMPATH\CodeIgniter.php(363): CodeIgniter\CodeIgniter->handleRequest(null, Object(Config\Cache), false)
12 SYSTEMPATH\Boot.php(417): CodeIgniter\CodeIgniter->run()
13 SYSTEMPATH\Boot.php(68): CodeIgniter\Boot::runCodeIgniter(Object(CodeIgniter\CodeIgniter))
14 FCPATH\index.php(59): CodeIgniter\Boot::bootWeb(Object(Config\Paths))
CRITICAL - 2026-10-05 01:25:25 --> CodeIgniter\Database\Exceptions\DatabaseException: Unknown column 'created_at' in 'field list'
[Method: POST, Route: departamentos/store]
in SYSTEMPATH\Database\BaseConnection.php on line 863.
 1 SYSTEMPATH\Database\BaseBuilder.php(2355): CodeIgniter\Database\BaseConnection->query('INSERT INTO `departamentos` (`nombre_depto`, `cod_region`, `created_at`, `updated_at`) VALUES (:nombre_depto:, :cod_region:, :created_at:, :updated_at:)', [...], false)
 2 SYSTEMPATH\Model.php(357): CodeIgniter\Database\BaseBuilder->insert()
 3 SYSTEMPATH\BaseModel.php(899): CodeIgniter\Model->doInsert([...])
 4 SYSTEMPATH\Model.php(670): CodeIgniter\BaseModel->insert([...], true)
 5 APPPATH\Controllers\DepartamentosController.php(31): CodeIgniter\Model->insert([...])
 6 SYSTEMPATH\CodeIgniter.php(974): App\Controllers\DepartamentosController->store()
 7 SYSTEMPATH\CodeIgniter.php(520): CodeIgniter\CodeIgniter->runController(Object(App\Controllers\DepartamentosController))
 8 SYSTEMPATH\CodeIgniter.php(363): CodeIgniter\CodeIgniter->handleRequest(null, Object(Config\Cache), false)
 9 SYSTEMPATH\Boot.php(417): CodeIgniter\CodeIgniter->run()
10 SYSTEMPATH\Boot.php(68): CodeIgniter\Boot::runCodeIgniter(Object(CodeIgniter\CodeIgniter))
11 FCPATH\index.php(59): CodeIgniter\Boot::bootWeb(Object(Config\Paths))
CRITICAL - 2026-10-05 01:25:25 --> [Caused by] CodeIgniter\Database\Exceptions\DatabaseException: Unknown column 'created_at' in 'field list'
in SYSTEMPATH\Database\MySQLi\Connection.php on line 310.
 1 SYSTEMPATH\Database\BaseConnection.php(908): CodeIgniter\Database\MySQLi\Connection->execute('INSERT INTO `departamentos` (`nombre_depto`, `cod_region`, `created_at`, `updated_at`) VALUES (\'San Andreas\', \'29\', \'2026-10-05 01:25:25\', \'2026-10-05 01:25:25\')')
 2 SYSTEMPATH\Database\BaseConnection.php(825): CodeIgniter\Database\BaseConnection->simpleQuery('INSERT INTO `departamentos` (`nombre_depto`, `cod_region`, `created_at`, `updated_at`) VALUES (\'San Andreas\', \'29\', \'2026-10-05 01:25:25\', \'2026-10-05 01:25:25\')')
 3 SYSTEMPATH\Database\BaseBuilder.php(2355): CodeIgniter\Database\BaseConnection->query('INSERT INTO `departamentos` (`nombre_depto`, `cod_region`, `created_at`, `updated_at`) VALUES (:nombre_depto:, :cod_region:, :created_at:, :updated_at:)', [...], false)
 4 SYSTEMPATH\Model.php(357): CodeIgniter\Database\BaseBuilder->insert()
 5 SYSTEMPATH\BaseModel.php(899): CodeIgniter\Model->doInsert([...])
 6 SYSTEMPATH\Model.php(670): CodeIgniter\BaseModel->insert([...], true)
 7 APPPATH\Controllers\DepartamentosController.php(31): CodeIgniter\Model->insert([...])
 8 SYSTEMPATH\CodeIgniter.php(974): App\Controllers\DepartamentosController->store()
 9 SYSTEMPATH\CodeIgniter.php(520): CodeIgniter\CodeIgniter->runController(Object(App\Controllers\DepartamentosController))
10 SYSTEMPATH\CodeIgniter.php(363): CodeIgniter\CodeIgniter->handleRequest(null, Object(Config\Cache), false)
11 SYSTEMPATH\Boot.php(417): CodeIgniter\CodeIgniter->run()
12 SYSTEMPATH\Boot.php(68): CodeIgniter\Boot::runCodeIgniter(Object(CodeIgniter\CodeIgniter))
13 FCPATH\index.php(59): CodeIgniter\Boot::bootWeb(Object(Config\Paths))
CRITICAL - 2026-10-05 01:25:25 --> [Caused by] mysqli_sql_exception: Unknown column 'created_at' in 'field list'
in SYSTEMPATH\Database\MySQLi\Connection.php on line 300.
 1 SYSTEMPATH\Database\MySQLi\Connection.php(300): mysqli->query('INSERT INTO `departamentos` (`nombre_depto`, `cod_region`, `created_at`, `updated_at`) VALUES (\'San Andreas\', \'29\', \'2026-10-05 01:25:25\', \'2026-10-05 01:25:25\')', 0)
 2 SYSTEMPATH\Database\BaseConnection.php(908): CodeIgniter\Database\MySQLi\Connection->execute('INSERT INTO `departamentos` (`nombre_depto`, `cod_region`, `created_at`, `updated_at`) VALUES (\'San Andreas\', \'29\', \'2026-10-05 01:25:25\', \'2026-10-05 01:25:25\')')
 3 SYSTEMPATH\Database\BaseConnection.php(825): CodeIgniter\Database\BaseConnection->simpleQuery('INSERT INTO `departamentos` (`nombre_depto`, `cod_region`, `created_at`, `updated_at`) VALUES (\'San Andreas\', \'29\', \'2026-10-05 01:25:25\', \'2026-10-05 01:25:25\')')
 4 SYSTEMPATH\Database\BaseBuilder.php(2355): CodeIgniter\Database\BaseConnection->query('INSERT INTO `departamentos` (`nombre_depto`, `cod_region`, `created_at`, `updated_at`) VALUES (:nombre_depto:, :cod_region:, :created_at:, :updated_at:)', [...], false)
 5 SYSTEMPATH\Model.php(357): CodeIgniter\Database\BaseBuilder->insert()
 6 SYSTEMPATH\BaseModel.php(899): CodeIgniter\Model->doInsert([...])
 7 SYSTEMPATH\Model.php(670): CodeIgniter\BaseModel->insert([...], true)
 8 APPPATH\Controllers\DepartamentosController.php(31): CodeIgniter\Model->insert([...])
 9 SYSTEMPATH\CodeIgniter.php(974): App\Controllers\DepartamentosController->store()
10 SYSTEMPATH\CodeIgniter.php(520): CodeIgniter\CodeIgniter->runController(Object(App\Controllers\DepartamentosController))
11 SYSTEMPATH\CodeIgniter.php(363): CodeIgniter\CodeIgniter->handleRequest(null, Object(Config\Cache), false)
12 SYSTEMPATH\Boot.php(417): CodeIgniter\CodeIgniter->run()
13 SYSTEMPATH\Boot.php(68): CodeIgniter\Boot::runCodeIgniter(Object(CodeIgniter\CodeIgniter))
14 FCPATH\index.php(59): CodeIgniter\Boot::bootWeb(Object(Config\Paths))
ERROR - 2026-10-05 01:28:24 --> Unknown column 'created_at' in 'field list'
in SYSTEMPATH\Database\MySQLi\Connection.php on line 300.
 1 SYSTEMPATH\Database\MySQLi\Connection.php(300): mysqli->query('INSERT INTO `departamentos` (`nombre_depto`, `cod_region`, `created_at`, `updated_at`) VALUES (\'San Andreas\', \'29\', \'2026-10-05 01:28:24\', \'2026-10-05 01:28:24\')', 0)
 2 SYSTEMPATH\Database\BaseConnection.php(908): CodeIgniter\Database\MySQLi\Connection->execute('INSERT INTO `departamentos` (`nombre_depto`, `cod_region`, `created_at`, `updated_at`) VALUES (\'San Andreas\', \'29\', \'2026-10-05 01:28:24\', \'2026-10-05 01:28:24\')')
 3 SYSTEMPATH\Database\BaseConnection.php(825): CodeIgniter\Database\BaseConnection->simpleQuery('INSERT INTO `departamentos` (`nombre_depto`, `cod_region`, `created_at`, `updated_at`) VALUES (\'San Andreas\', \'29\', \'2026-10-05 01:28:24\', \'2026-10-05 01:28:24\')')
 4 SYSTEMPATH\Database\BaseBuilder.php(2355): CodeIgniter\Database\BaseConnection->query('INSERT INTO `departamentos` (`nombre_depto`, `cod_region`, `created_at`, `updated_at`) VALUES (:nombre_depto:, :cod_region:, :created_at:, :updated_at:)', [...], false)
 5 SYSTEMPATH\Model.php(357): CodeIgniter\Database\BaseBuilder->insert()
 6 SYSTEMPATH\BaseModel.php(899): CodeIgniter\Model->doInsert([...])
 7 SYSTEMPATH\Model.php(670): CodeIgniter\BaseModel->insert([...], true)
 8 APPPATH\Controllers\DepartamentosController.php(31): CodeIgniter\Model->insert([...])
 9 SYSTEMPATH\CodeIgniter.php(974): App\Controllers\DepartamentosController->store()
10 SYSTEMPATH\CodeIgniter.php(520): CodeIgniter\CodeIgniter->runController(Object(App\Controllers\DepartamentosController))
11 SYSTEMPATH\CodeIgniter.php(363): CodeIgniter\CodeIgniter->handleRequest(null, Object(Config\Cache), false)
12 SYSTEMPATH\Boot.php(417): CodeIgniter\CodeIgniter->run()
13 SYSTEMPATH\Boot.php(68): CodeIgniter\Boot::runCodeIgniter(Object(CodeIgniter\CodeIgniter))
14 FCPATH\index.php(59): CodeIgniter\Boot::bootWeb(Object(Config\Paths))
CRITICAL - 2026-10-05 01:28:24 --> CodeIgniter\Database\Exceptions\DatabaseException: Unknown column 'created_at' in 'field list'
[Method: POST, Route: departamentos/store]
in SYSTEMPATH\Database\BaseConnection.php on line 863.
 1 SYSTEMPATH\Database\BaseBuilder.php(2355): CodeIgniter\Database\BaseConnection->query('INSERT INTO `departamentos` (`nombre_depto`, `cod_region`, `created_at`, `updated_at`) VALUES (:nombre_depto:, :cod_region:, :created_at:, :updated_at:)', [...], false)
 2 SYSTEMPATH\Model.php(357): CodeIgniter\Database\BaseBuilder->insert()
 3 SYSTEMPATH\BaseModel.php(899): CodeIgniter\Model->doInsert([...])
 4 SYSTEMPATH\Model.php(670): CodeIgniter\BaseModel->insert([...], true)
 5 APPPATH\Controllers\DepartamentosController.php(31): CodeIgniter\Model->insert([...])
 6 SYSTEMPATH\CodeIgniter.php(974): App\Controllers\DepartamentosController->store()
 7 SYSTEMPATH\CodeIgniter.php(520): CodeIgniter\CodeIgniter->runController(Object(App\Controllers\DepartamentosController))
 8 SYSTEMPATH\CodeIgniter.php(363): CodeIgniter\CodeIgniter->handleRequest(null, Object(Config\Cache), false)
 9 SYSTEMPATH\Boot.php(417): CodeIgniter\CodeIgniter->run()
10 SYSTEMPATH\Boot.php(68): CodeIgniter\Boot::runCodeIgniter(Object(CodeIgniter\CodeIgniter))
11 FCPATH\index.php(59): CodeIgniter\Boot::bootWeb(Object(Config\Paths))
CRITICAL - 2026-10-05 01:28:24 --> [Caused by] CodeIgniter\Database\Exceptions\DatabaseException: Unknown column 'created_at' in 'field list'
in SYSTEMPATH\Database\MySQLi\Connection.php on line 310.
 1 SYSTEMPATH\Database\BaseConnection.php(908): CodeIgniter\Database\MySQLi\Connection->execute('INSERT INTO `departamentos` (`nombre_depto`, `cod_region`, `created_at`, `updated_at`) VALUES (\'San Andreas\', \'29\', \'2026-10-05 01:28:24\', \'2026-10-05 01:28:24\')')
 2 SYSTEMPATH\Database\BaseConnection.php(825): CodeIgniter\Database\BaseConnection->simpleQuery('INSERT INTO `departamentos` (`nombre_depto`, `cod_region`, `created_at`, `updated_at`) VALUES (\'San Andreas\', \'29\', \'2026-10-05 01:28:24\', \'2026-10-05 01:28:24\')')
 3 SYSTEMPATH\Database\BaseBuilder.php(2355): CodeIgniter\Database\BaseConnection->query('INSERT INTO `departamentos` (`nombre_depto`, `cod_region`, `created_at`, `updated_at`) VALUES (:nombre_depto:, :cod_region:, :created_at:, :updated_at:)', [...], false)
 4 SYSTEMPATH\Model.php(357): CodeIgniter\Database\BaseBuilder->insert()
 5 SYSTEMPATH\BaseModel.php(899): CodeIgniter\Model->doInsert([...])
 6 SYSTEMPATH\Model.php(670): CodeIgniter\BaseModel->insert([...], true)
 7 APPPATH\Controllers\DepartamentosController.php(31): CodeIgniter\Model->insert([...])
 8 SYSTEMPATH\CodeIgniter.php(974): App\Controllers\DepartamentosController->store()
 9 SYSTEMPATH\CodeIgniter.php(520): CodeIgniter\CodeIgniter->runController(Object(App\Controllers\DepartamentosController))
10 SYSTEMPATH\CodeIgniter.php(363): CodeIgniter\CodeIgniter->handleRequest(null, Object(Config\Cache), false)
11 SYSTEMPATH\Boot.php(417): CodeIgniter\CodeIgniter->run()
12 SYSTEMPATH\Boot.php(68): CodeIgniter\Boot::runCodeIgniter(Object(CodeIgniter\CodeIgniter))
13 FCPATH\index.php(59): CodeIgniter\Boot::bootWeb(Object(Config\Paths))
CRITICAL - 2026-10-05 01:28:24 --> [Caused by] mysqli_sql_exception: Unknown column 'created_at' in 'field list'
in SYSTEMPATH\Database\MySQLi\Connection.php on line 300.
 1 SYSTEMPATH\Database\MySQLi\Connection.php(300): mysqli->query('INSERT INTO `departamentos` (`nombre_depto`, `cod_region`, `created_at`, `updated_at`) VALUES (\'San Andreas\', \'29\', \'2026-10-05 01:28:24\', \'2026-10-05 01:28:24\')', 0)
 2 SYSTEMPATH\Database\BaseConnection.php(908): CodeIgniter\Database\MySQLi\Connection->execute('INSERT INTO `departamentos` (`nombre_depto`, `cod_region`, `created_at`, `updated_at`) VALUES (\'San Andreas\', \'29\', \'2026-10-05 01:28:24\', \'2026-10-05 01:28:24\')')
 3 SYSTEMPATH\Database\BaseConnection.php(825): CodeIgniter\Database\BaseConnection->simpleQuery('INSERT INTO `departamentos` (`nombre_depto`, `cod_region`, `created_at`, `updated_at`) VALUES (\'San Andreas\', \'29\', \'2026-10-05 01:28:24\', \'2026-10-05 01:28:24\')')
 4 SYSTEMPATH\Database\BaseBuilder.php(2355): CodeIgniter\Database\BaseConnection->query('INSERT INTO `departamentos` (`nombre_depto`, `cod_region`, `created_at`, `updated_at`) VALUES (:nombre_depto:, :cod_region:, :created_at:, :updated_at:)', [...], false)
 5 SYSTEMPATH\Model.php(357): CodeIgniter\Database\BaseBuilder->insert()
 6 SYSTEMPATH\BaseModel.php(899): CodeIgniter\Model->doInsert([...])
 7 SYSTEMPATH\Model.php(670): CodeIgniter\BaseModel->insert([...], true)
 8 APPPATH\Controllers\DepartamentosController.php(31): CodeIgniter\Model->insert([...])
 9 SYSTEMPATH\CodeIgniter.php(974): App\Controllers\DepartamentosController->store()
10 SYSTEMPATH\CodeIgniter.php(520): CodeIgniter\CodeIgniter->runController(Object(App\Controllers\DepartamentosController))
11 SYSTEMPATH\CodeIgniter.php(363): CodeIgniter\CodeIgniter->handleRequest(null, Object(Config\Cache), false)
12 SYSTEMPATH\Boot.php(417): CodeIgniter\CodeIgniter->run()
13 SYSTEMPATH\Boot.php(68): CodeIgniter\Boot::runCodeIgniter(Object(CodeIgniter\CodeIgniter))
14 FCPATH\index.php(59): CodeIgniter\Boot::bootWeb(Object(Config\Paths))
ERROR - 2026-10-05 01:30:03 --> Cannot add or update a child row: a foreign key constraint fails (`bd_ciudadanos`.`departamentos`, CONSTRAINT `departamentos_ibfk_1` FOREIGN KEY (`cod_region`) REFERENCES `regiones` (`cod_region`) ON DELETE CASCADE ON UPDATE CASCADE)
in SYSTEMPATH\Database\MySQLi\Connection.php on line 300.
 1 SYSTEMPATH\Database\MySQLi\Connection.php(300): mysqli->query('INSERT INTO `departamentos` (`nombre_depto`, `cod_region`) VALUES (\'San Andreas\', \'29\')', 0)
 2 SYSTEMPATH\Database\BaseConnection.php(908): CodeIgniter\Database\MySQLi\Connection->execute('INSERT INTO `departamentos` (`nombre_depto`, `cod_region`) VALUES (\'San Andreas\', \'29\')')
 3 SYSTEMPATH\Database\BaseConnection.php(825): CodeIgniter\Database\BaseConnection->simpleQuery('INSERT INTO `departamentos` (`nombre_depto`, `cod_region`) VALUES (\'San Andreas\', \'29\')')
 4 SYSTEMPATH\Database\BaseBuilder.php(2355): CodeIgniter\Database\BaseConnection->query('INSERT INTO `departamentos` (`nombre_depto`, `cod_region`) VALUES (:nombre_depto:, :cod_region:)', [...], false)
 5 SYSTEMPATH\Model.php(357): CodeIgniter\Database\BaseBuilder->insert()
 6 SYSTEMPATH\BaseModel.php(899): CodeIgniter\Model->doInsert([...])
 7 SYSTEMPATH\Model.php(670): CodeIgniter\BaseModel->insert([...], true)
 8 APPPATH\Controllers\DepartamentosController.php(31): CodeIgniter\Model->insert([...])
 9 SYSTEMPATH\CodeIgniter.php(974): App\Controllers\DepartamentosController->store()
10 SYSTEMPATH\CodeIgniter.php(520): CodeIgniter\CodeIgniter->runController(Object(App\Controllers\DepartamentosController))
11 SYSTEMPATH\CodeIgniter.php(363): CodeIgniter\CodeIgniter->handleRequest(null, Object(Config\Cache), false)
12 SYSTEMPATH\Boot.php(417): CodeIgniter\CodeIgniter->run()
13 SYSTEMPATH\Boot.php(68): CodeIgniter\Boot::runCodeIgniter(Object(CodeIgniter\CodeIgniter))
14 FCPATH\index.php(59): CodeIgniter\Boot::bootWeb(Object(Config\Paths))
CRITICAL - 2026-10-05 01:30:03 --> CodeIgniter\Database\Exceptions\DatabaseException: Cannot add or update a child row: a foreign key constraint fails (`bd_ciudadanos`.`departamentos`, CONSTRAINT `departamentos_ibfk_1` FOREIGN KEY (`cod_region`) REFERENCES `regiones` (`cod_region`) ON DELETE CASCADE ON UPDATE CASCADE)
[Method: POST, Route: departamentos/store]
in SYSTEMPATH\Database\BaseConnection.php on line 863.
 1 SYSTEMPATH\Database\BaseBuilder.php(2355): CodeIgniter\Database\BaseConnection->query('INSERT INTO `departamentos` (`nombre_depto`, `cod_region`) VALUES (:nombre_depto:, :cod_region:)', [...], false)
 2 SYSTEMPATH\Model.php(357): CodeIgniter\Database\BaseBuilder->insert()
 3 SYSTEMPATH\BaseModel.php(899): CodeIgniter\Model->doInsert([...])
 4 SYSTEMPATH\Model.php(670): CodeIgniter\BaseModel->insert([...], true)
 5 APPPATH\Controllers\DepartamentosController.php(31): CodeIgniter\Model->insert([...])
 6 SYSTEMPATH\CodeIgniter.php(974): App\Controllers\DepartamentosController->store()
 7 SYSTEMPATH\CodeIgniter.php(520): CodeIgniter\CodeIgniter->runController(Object(App\Controllers\DepartamentosController))
 8 SYSTEMPATH\CodeIgniter.php(363): CodeIgniter\CodeIgniter->handleRequest(null, Object(Config\Cache), false)
 9 SYSTEMPATH\Boot.php(417): CodeIgniter\CodeIgniter->run()
10 SYSTEMPATH\Boot.php(68): CodeIgniter\Boot::runCodeIgniter(Object(CodeIgniter\CodeIgniter))
11 FCPATH\index.php(59): CodeIgniter\Boot::bootWeb(Object(Config\Paths))
CRITICAL - 2026-10-05 01:30:03 --> [Caused by] CodeIgniter\Database\Exceptions\DatabaseException: Cannot add or update a child row: a foreign key constraint fails (`bd_ciudadanos`.`departamentos`, CONSTRAINT `departamentos_ibfk_1` FOREIGN KEY (`cod_region`) REFERENCES `regiones` (`cod_region`) ON DELETE CASCADE ON UPDATE CASCADE)
in SYSTEMPATH\Database\MySQLi\Connection.php on line 310.
 1 SYSTEMPATH\Database\BaseConnection.php(908): CodeIgniter\Database\MySQLi\Connection->execute('INSERT INTO `departamentos` (`nombre_depto`, `cod_region`) VALUES (\'San Andreas\', \'29\')')
 2 SYSTEMPATH\Database\BaseConnection.php(825): CodeIgniter\Database\BaseConnection->simpleQuery('INSERT INTO `departamentos` (`nombre_depto`, `cod_region`) VALUES (\'San Andreas\', \'29\')')
 3 SYSTEMPATH\Database\BaseBuilder.php(2355): CodeIgniter\Database\BaseConnection->query('INSERT INTO `departamentos` (`nombre_depto`, `cod_region`) VALUES (:nombre_depto:, :cod_region:)', [...], false)
 4 SYSTEMPATH\Model.php(357): CodeIgniter\Database\BaseBuilder->insert()
 5 SYSTEMPATH\BaseModel.php(899): CodeIgniter\Model->doInsert([...])
 6 SYSTEMPATH\Model.php(670): CodeIgniter\BaseModel->insert([...], true)
 7 APPPATH\Controllers\DepartamentosController.php(31): CodeIgniter\Model->insert([...])
 8 SYSTEMPATH\CodeIgniter.php(974): App\Controllers\DepartamentosController->store()
 9 SYSTEMPATH\CodeIgniter.php(520): CodeIgniter\CodeIgniter->runController(Object(App\Controllers\DepartamentosController))
10 SYSTEMPATH\CodeIgniter.php(363): CodeIgniter\CodeIgniter->handleRequest(null, Object(Config\Cache), false)
11 SYSTEMPATH\Boot.php(417): CodeIgniter\CodeIgniter->run()
12 SYSTEMPATH\Boot.php(68): CodeIgniter\Boot::runCodeIgniter(Object(CodeIgniter\CodeIgniter))
13 FCPATH\index.php(59): CodeIgniter\Boot::bootWeb(Object(Config\Paths))
CRITICAL - 2026-10-05 01:30:03 --> [Caused by] mysqli_sql_exception: Cannot add or update a child row: a foreign key constraint fails (`bd_ciudadanos`.`departamentos`, CONSTRAINT `departamentos_ibfk_1` FOREIGN KEY (`cod_region`) REFERENCES `regiones` (`cod_region`) ON DELETE CASCADE ON UPDATE CASCADE)
in SYSTEMPATH\Database\MySQLi\Connection.php on line 300.
 1 SYSTEMPATH\Database\MySQLi\Connection.php(300): mysqli->query('INSERT INTO `departamentos` (`nombre_depto`, `cod_region`) VALUES (\'San Andreas\', \'29\')', 0)
 2 SYSTEMPATH\Database\BaseConnection.php(908): CodeIgniter\Database\MySQLi\Connection->execute('INSERT INTO `departamentos` (`nombre_depto`, `cod_region`) VALUES (\'San Andreas\', \'29\')')
 3 SYSTEMPATH\Database\BaseConnection.php(825): CodeIgniter\Database\BaseConnection->simpleQuery('INSERT INTO `departamentos` (`nombre_depto`, `cod_region`) VALUES (\'San Andreas\', \'29\')')
 4 SYSTEMPATH\Database\BaseBuilder.php(2355): CodeIgniter\Database\BaseConnection->query('INSERT INTO `departamentos` (`nombre_depto`, `cod_region`) VALUES (:nombre_depto:, :cod_region:)', [...], false)
 5 SYSTEMPATH\Model.php(357): CodeIgniter\Database\BaseBuilder->insert()
 6 SYSTEMPATH\BaseModel.php(899): CodeIgniter\Model->doInsert([...])
 7 SYSTEMPATH\Model.php(670): CodeIgniter\BaseModel->insert([...], true)
 8 APPPATH\Controllers\DepartamentosController.php(31): CodeIgniter\Model->insert([...])
 9 SYSTEMPATH\CodeIgniter.php(974): App\Controllers\DepartamentosController->store()
10 SYSTEMPATH\CodeIgniter.php(520): CodeIgniter\CodeIgniter->runController(Object(App\Controllers\DepartamentosController))
11 SYSTEMPATH\CodeIgniter.php(363): CodeIgniter\CodeIgniter->handleRequest(null, Object(Config\Cache), false)
12 SYSTEMPATH\Boot.php(417): CodeIgniter\CodeIgniter->run()
13 SYSTEMPATH\Boot.php(68): CodeIgniter\Boot::runCodeIgniter(Object(CodeIgniter\CodeIgniter))
14 FCPATH\index.php(59): CodeIgniter\Boot::bootWeb(Object(Config\Paths))
ERROR - 2026-10-05 01:30:08 --> Cannot add or update a child row: a foreign key constraint fails (`bd_ciudadanos`.`departamentos`, CONSTRAINT `departamentos_ibfk_1` FOREIGN KEY (`cod_region`) REFERENCES `regiones` (`cod_region`) ON DELETE CASCADE ON UPDATE CASCADE)
in SYSTEMPATH\Database\MySQLi\Connection.php on line 300.
 1 SYSTEMPATH\Database\MySQLi\Connection.php(300): mysqli->query('INSERT INTO `departamentos` (`nombre_depto`, `cod_region`) VALUES (\'San Andreas\', \'29\')', 0)
 2 SYSTEMPATH\Database\BaseConnection.php(908): CodeIgniter\Database\MySQLi\Connection->execute('INSERT INTO `departamentos` (`nombre_depto`, `cod_region`) VALUES (\'San Andreas\', \'29\')')
 3 SYSTEMPATH\Database\BaseConnection.php(825): CodeIgniter\Database\BaseConnection->simpleQuery('INSERT INTO `departamentos` (`nombre_depto`, `cod_region`) VALUES (\'San Andreas\', \'29\')')
 4 SYSTEMPATH\Database\BaseBuilder.php(2355): CodeIgniter\Database\BaseConnection->query('INSERT INTO `departamentos` (`nombre_depto`, `cod_region`) VALUES (:nombre_depto:, :cod_region:)', [...], false)
 5 SYSTEMPATH\Model.php(357): CodeIgniter\Database\BaseBuilder->insert()
 6 SYSTEMPATH\BaseModel.php(899): CodeIgniter\Model->doInsert([...])
 7 SYSTEMPATH\Model.php(670): CodeIgniter\BaseModel->insert([...], true)
 8 APPPATH\Controllers\DepartamentosController.php(31): CodeIgniter\Model->insert([...])
 9 SYSTEMPATH\CodeIgniter.php(974): App\Controllers\DepartamentosController->store()
10 SYSTEMPATH\CodeIgniter.php(520): CodeIgniter\CodeIgniter->runController(Object(App\Controllers\DepartamentosController))
11 SYSTEMPATH\CodeIgniter.php(363): CodeIgniter\CodeIgniter->handleRequest(null, Object(Config\Cache), false)
12 SYSTEMPATH\Boot.php(417): CodeIgniter\CodeIgniter->run()
13 SYSTEMPATH\Boot.php(68): CodeIgniter\Boot::runCodeIgniter(Object(CodeIgniter\CodeIgniter))
14 FCPATH\index.php(59): CodeIgniter\Boot::bootWeb(Object(Config\Paths))
CRITICAL - 2026-10-05 01:30:08 --> CodeIgniter\Database\Exceptions\DatabaseException: Cannot add or update a child row: a foreign key constraint fails (`bd_ciudadanos`.`departamentos`, CONSTRAINT `departamentos_ibfk_1` FOREIGN KEY (`cod_region`) REFERENCES `regiones` (`cod_region`) ON DELETE CASCADE ON UPDATE CASCADE)
[Method: POST, Route: departamentos/store]
in SYSTEMPATH\Database\BaseConnection.php on line 863.
 1 SYSTEMPATH\Database\BaseBuilder.php(2355): CodeIgniter\Database\BaseConnection->query('INSERT INTO `departamentos` (`nombre_depto`, `cod_region`) VALUES (:nombre_depto:, :cod_region:)', [...], false)
 2 SYSTEMPATH\Model.php(357): CodeIgniter\Database\BaseBuilder->insert()
 3 SYSTEMPATH\BaseModel.php(899): CodeIgniter\Model->doInsert([...])
 4 SYSTEMPATH\Model.php(670): CodeIgniter\BaseModel->insert([...], true)
 5 APPPATH\Controllers\DepartamentosController.php(31): CodeIgniter\Model->insert([...])
 6 SYSTEMPATH\CodeIgniter.php(974): App\Controllers\DepartamentosController->store()
 7 SYSTEMPATH\CodeIgniter.php(520): CodeIgniter\CodeIgniter->runController(Object(App\Controllers\DepartamentosController))
 8 SYSTEMPATH\CodeIgniter.php(363): CodeIgniter\CodeIgniter->handleRequest(null, Object(Config\Cache), false)
 9 SYSTEMPATH\Boot.php(417): CodeIgniter\CodeIgniter->run()
10 SYSTEMPATH\Boot.php(68): CodeIgniter\Boot::runCodeIgniter(Object(CodeIgniter\CodeIgniter))
11 FCPATH\index.php(59): CodeIgniter\Boot::bootWeb(Object(Config\Paths))
CRITICAL - 2026-10-05 01:30:08 --> [Caused by] CodeIgniter\Database\Exceptions\DatabaseException: Cannot add or update a child row: a foreign key constraint fails (`bd_ciudadanos`.`departamentos`, CONSTRAINT `departamentos_ibfk_1` FOREIGN KEY (`cod_region`) REFERENCES `regiones` (`cod_region`) ON DELETE CASCADE ON UPDATE CASCADE)
in SYSTEMPATH\Database\MySQLi\Connection.php on line 310.
 1 SYSTEMPATH\Database\BaseConnection.php(908): CodeIgniter\Database\MySQLi\Connection->execute('INSERT INTO `departamentos` (`nombre_depto`, `cod_region`) VALUES (\'San Andreas\', \'29\')')
 2 SYSTEMPATH\Database\BaseConnection.php(825): CodeIgniter\Database\BaseConnection->simpleQuery('INSERT INTO `departamentos` (`nombre_depto`, `cod_region`) VALUES (\'San Andreas\', \'29\')')
 3 SYSTEMPATH\Database\BaseBuilder.php(2355): CodeIgniter\Database\BaseConnection->query('INSERT INTO `departamentos` (`nombre_depto`, `cod_region`) VALUES (:nombre_depto:, :cod_region:)', [...], false)
 4 SYSTEMPATH\Model.php(357): CodeIgniter\Database\BaseBuilder->insert()
 5 SYSTEMPATH\BaseModel.php(899): CodeIgniter\Model->doInsert([...])
 6 SYSTEMPATH\Model.php(670): CodeIgniter\BaseModel->insert([...], true)
 7 APPPATH\Controllers\DepartamentosController.php(31): CodeIgniter\Model->insert([...])
 8 SYSTEMPATH\CodeIgniter.php(974): App\Controllers\DepartamentosController->store()
 9 SYSTEMPATH\CodeIgniter.php(520): CodeIgniter\CodeIgniter->runController(Object(App\Controllers\DepartamentosController))
10 SYSTEMPATH\CodeIgniter.php(363): CodeIgniter\CodeIgniter->handleRequest(null, Object(Config\Cache), false)
11 SYSTEMPATH\Boot.php(417): CodeIgniter\CodeIgniter->run()
12 SYSTEMPATH\Boot.php(68): CodeIgniter\Boot::runCodeIgniter(Object(CodeIgniter\CodeIgniter))
13 FCPATH\index.php(59): CodeIgniter\Boot::bootWeb(Object(Config\Paths))
CRITICAL - 2026-10-05 01:30:08 --> [Caused by] mysqli_sql_exception: Cannot add or update a child row: a foreign key constraint fails (`bd_ciudadanos`.`departamentos`, CONSTRAINT `departamentos_ibfk_1` FOREIGN KEY (`cod_region`) REFERENCES `regiones` (`cod_region`) ON DELETE CASCADE ON UPDATE CASCADE)
in SYSTEMPATH\Database\MySQLi\Connection.php on line 300.
 1 SYSTEMPATH\Database\MySQLi\Connection.php(300): mysqli->query('INSERT INTO `departamentos` (`nombre_depto`, `cod_region`) VALUES (\'San Andreas\', \'29\')', 0)
 2 SYSTEMPATH\Database\BaseConnection.php(908): CodeIgniter\Database\MySQLi\Connection->execute('INSERT INTO `departamentos` (`nombre_depto`, `cod_region`) VALUES (\'San Andreas\', \'29\')')
 3 SYSTEMPATH\Database\BaseConnection.php(825): CodeIgniter\Database\BaseConnection->simpleQuery('INSERT INTO `departamentos` (`nombre_depto`, `cod_region`) VALUES (\'San Andreas\', \'29\')')
 4 SYSTEMPATH\Database\BaseBuilder.php(2355): CodeIgniter\Database\BaseConnection->query('INSERT INTO `departamentos` (`nombre_depto`, `cod_region`) VALUES (:nombre_depto:, :cod_region:)', [...], false)
 5 SYSTEMPATH\Model.php(357): CodeIgniter\Database\BaseBuilder->insert()
 6 SYSTEMPATH\BaseModel.php(899): CodeIgniter\Model->doInsert([...])
 7 SYSTEMPATH\Model.php(670): CodeIgniter\BaseModel->insert([...], true)
 8 APPPATH\Controllers\DepartamentosController.php(31): CodeIgniter\Model->insert([...])
 9 SYSTEMPATH\CodeIgniter.php(974): App\Controllers\DepartamentosController->store()
10 SYSTEMPATH\CodeIgniter.php(520): CodeIgniter\CodeIgniter->runController(Object(App\Controllers\DepartamentosController))
11 SYSTEMPATH\CodeIgniter.php(363): CodeIgniter\CodeIgniter->handleRequest(null, Object(Config\Cache), false)
12 SYSTEMPATH\Boot.php(417): CodeIgniter\CodeIgniter->run()
13 SYSTEMPATH\Boot.php(68): CodeIgniter\Boot::runCodeIgniter(Object(CodeIgniter\CodeIgniter))
14 FCPATH\index.php(59): CodeIgniter\Boot::bootWeb(Object(Config\Paths))
CRITICAL - 2026-10-05 01:31:10 --> CodeIgniter\Exceptions\InvalidArgumentException: Invalid primary key: '0' is not allowed.
[Method: POST, Route: departamentos/delete/0]
in SYSTEMPATH\BaseModel.php on line 833.
 1 SYSTEMPATH\BaseModel.php(818): CodeIgniter\BaseModel->validateID('0', false)
 2 SYSTEMPATH\BaseModel.php(1191): CodeIgniter\BaseModel->validateID([...])
 3 APPPATH\Controllers\DepartamentosController.php(65): CodeIgniter\BaseModel->delete([...])
 4 SYSTEMPATH\CodeIgniter.php(974): App\Controllers\DepartamentosController->delete('0')
 5 SYSTEMPATH\CodeIgniter.php(520): CodeIgniter\CodeIgniter->runController(Object(App\Controllers\DepartamentosController))
 6 SYSTEMPATH\CodeIgniter.php(363): CodeIgniter\CodeIgniter->handleRequest(null, Object(Config\Cache), false)
 7 SYSTEMPATH\Boot.php(417): CodeIgniter\CodeIgniter->run()
 8 SYSTEMPATH\Boot.php(68): CodeIgniter\Boot::runCodeIgniter(Object(CodeIgniter\CodeIgniter))
 9 FCPATH\index.php(59): CodeIgniter\Boot::bootWeb(Object(Config\Paths))
CRITICAL - 2026-10-05 01:35:10 --> CodeIgniter\Exceptions\InvalidArgumentException: Invalid primary key: '0' is not allowed.
[Method: POST, Route: departamentos/update/0]
in SYSTEMPATH\BaseModel.php on line 833.
 1 SYSTEMPATH\BaseModel.php(818): CodeIgniter\BaseModel->validateID('0', false)
 2 SYSTEMPATH\BaseModel.php(1040): CodeIgniter\BaseModel->validateID([...])
 3 SYSTEMPATH\Model.php(711): CodeIgniter\BaseModel->update([...], [...])
 4 APPPATH\Controllers\DepartamentosController.php(59): CodeIgniter\Model->update('0', [...])
 5 SYSTEMPATH\CodeIgniter.php(974): App\Controllers\DepartamentosController->update('0')
 6 SYSTEMPATH\CodeIgniter.php(520): CodeIgniter\CodeIgniter->runController(Object(App\Controllers\DepartamentosController))
 7 SYSTEMPATH\CodeIgniter.php(363): CodeIgniter\CodeIgniter->handleRequest(null, Object(Config\Cache), false)
 8 SYSTEMPATH\Boot.php(417): CodeIgniter\CodeIgniter->run()
 9 SYSTEMPATH\Boot.php(68): CodeIgniter\Boot::runCodeIgniter(Object(CodeIgniter\CodeIgniter))
10 FCPATH\index.php(59): CodeIgniter\Boot::bootWeb(Object(Config\Paths))
ERROR - 2026-10-05 01:36:03 --> Duplicate entry '0' for key 'PRIMARY'
in SYSTEMPATH\Database\MySQLi\Connection.php on line 300.
 1 SYSTEMPATH\Database\MySQLi\Connection.php(300): mysqli->query('INSERT INTO `departamentos` (`nombre_depto`, `cod_region`) VALUES (\'Guatemala\', \'5\')', 0)
 2 SYSTEMPATH\Database\BaseConnection.php(908): CodeIgniter\Database\MySQLi\Connection->execute('INSERT INTO `departamentos` (`nombre_depto`, `cod_region`) VALUES (\'Guatemala\', \'5\')')
 3 SYSTEMPATH\Database\BaseConnection.php(825): CodeIgniter\Database\BaseConnection->simpleQuery('INSERT INTO `departamentos` (`nombre_depto`, `cod_region`) VALUES (\'Guatemala\', \'5\')')
 4 SYSTEMPATH\Database\BaseBuilder.php(2355): CodeIgniter\Database\BaseConnection->query('INSERT INTO `departamentos` (`nombre_depto`, `cod_region`) VALUES (:nombre_depto:, :cod_region:)', [...], false)
 5 SYSTEMPATH\Model.php(357): CodeIgniter\Database\BaseBuilder->insert()
 6 SYSTEMPATH\BaseModel.php(899): CodeIgniter\Model->doInsert([...])
 7 SYSTEMPATH\Model.php(670): CodeIgniter\BaseModel->insert([...], true)
 8 APPPATH\Controllers\DepartamentosController.php(39): CodeIgniter\Model->insert([...])
 9 SYSTEMPATH\CodeIgniter.php(974): App\Controllers\DepartamentosController->store()
10 SYSTEMPATH\CodeIgniter.php(520): CodeIgniter\CodeIgniter->runController(Object(App\Controllers\DepartamentosController))
11 SYSTEMPATH\CodeIgniter.php(363): CodeIgniter\CodeIgniter->handleRequest(null, Object(Config\Cache), false)
12 SYSTEMPATH\Boot.php(417): CodeIgniter\CodeIgniter->run()
13 SYSTEMPATH\Boot.php(68): CodeIgniter\Boot::runCodeIgniter(Object(CodeIgniter\CodeIgniter))
14 FCPATH\index.php(59): CodeIgniter\Boot::bootWeb(Object(Config\Paths))
CRITICAL - 2026-10-05 01:36:03 --> CodeIgniter\Database\Exceptions\DatabaseException: Duplicate entry '0' for key 'PRIMARY'
[Method: POST, Route: departamentos/store]
in SYSTEMPATH\Database\BaseConnection.php on line 863.
 1 SYSTEMPATH\Database\BaseBuilder.php(2355): CodeIgniter\Database\BaseConnection->query('INSERT INTO `departamentos` (`nombre_depto`, `cod_region`) VALUES (:nombre_depto:, :cod_region:)', [...], false)
 2 SYSTEMPATH\Model.php(357): CodeIgniter\Database\BaseBuilder->insert()
 3 SYSTEMPATH\BaseModel.php(899): CodeIgniter\Model->doInsert([...])
 4 SYSTEMPATH\Model.php(670): CodeIgniter\BaseModel->insert([...], true)
 5 APPPATH\Controllers\DepartamentosController.php(39): CodeIgniter\Model->insert([...])
 6 SYSTEMPATH\CodeIgniter.php(974): App\Controllers\DepartamentosController->store()
 7 SYSTEMPATH\CodeIgniter.php(520): CodeIgniter\CodeIgniter->runController(Object(App\Controllers\DepartamentosController))
 8 SYSTEMPATH\CodeIgniter.php(363): CodeIgniter\CodeIgniter->handleRequest(null, Object(Config\Cache), false)
 9 SYSTEMPATH\Boot.php(417): CodeIgniter\CodeIgniter->run()
10 SYSTEMPATH\Boot.php(68): CodeIgniter\Boot::runCodeIgniter(Object(CodeIgniter\CodeIgniter))
11 FCPATH\index.php(59): CodeIgniter\Boot::bootWeb(Object(Config\Paths))
CRITICAL - 2026-10-05 01:36:03 --> [Caused by] CodeIgniter\Database\Exceptions\DatabaseException: Duplicate entry '0' for key 'PRIMARY'
in SYSTEMPATH\Database\MySQLi\Connection.php on line 310.
 1 SYSTEMPATH\Database\BaseConnection.php(908): CodeIgniter\Database\MySQLi\Connection->execute('INSERT INTO `departamentos` (`nombre_depto`, `cod_region`) VALUES (\'Guatemala\', \'5\')')
 2 SYSTEMPATH\Database\BaseConnection.php(825): CodeIgniter\Database\BaseConnection->simpleQuery('INSERT INTO `departamentos` (`nombre_depto`, `cod_region`) VALUES (\'Guatemala\', \'5\')')
 3 SYSTEMPATH\Database\BaseBuilder.php(2355): CodeIgniter\Database\BaseConnection->query('INSERT INTO `departamentos` (`nombre_depto`, `cod_region`) VALUES (:nombre_depto:, :cod_region:)', [...], false)
 4 SYSTEMPATH\Model.php(357): CodeIgniter\Database\BaseBuilder->insert()
 5 SYSTEMPATH\BaseModel.php(899): CodeIgniter\Model->doInsert([...])
 6 SYSTEMPATH\Model.php(670): CodeIgniter\BaseModel->insert([...], true)
 7 APPPATH\Controllers\DepartamentosController.php(39): CodeIgniter\Model->insert([...])
 8 SYSTEMPATH\CodeIgniter.php(974): App\Controllers\DepartamentosController->store()
 9 SYSTEMPATH\CodeIgniter.php(520): CodeIgniter\CodeIgniter->runController(Object(App\Controllers\DepartamentosController))
10 SYSTEMPATH\CodeIgniter.php(363): CodeIgniter\CodeIgniter->handleRequest(null, Object(Config\Cache), false)
11 SYSTEMPATH\Boot.php(417): CodeIgniter\CodeIgniter->run()
12 SYSTEMPATH\Boot.php(68): CodeIgniter\Boot::runCodeIgniter(Object(CodeIgniter\CodeIgniter))
13 FCPATH\index.php(59): CodeIgniter\Boot::bootWeb(Object(Config\Paths))
CRITICAL - 2026-10-05 01:36:03 --> [Caused by] mysqli_sql_exception: Duplicate entry '0' for key 'PRIMARY'
in SYSTEMPATH\Database\MySQLi\Connection.php on line 300.
 1 SYSTEMPATH\Database\MySQLi\Connection.php(300): mysqli->query('INSERT INTO `departamentos` (`nombre_depto`, `cod_region`) VALUES (\'Guatemala\', \'5\')', 0)
 2 SYSTEMPATH\Database\BaseConnection.php(908): CodeIgniter\Database\MySQLi\Connection->execute('INSERT INTO `departamentos` (`nombre_depto`, `cod_region`) VALUES (\'Guatemala\', \'5\')')
 3 SYSTEMPATH\Database\BaseConnection.php(825): CodeIgniter\Database\BaseConnection->simpleQuery('INSERT INTO `departamentos` (`nombre_depto`, `cod_region`) VALUES (\'Guatemala\', \'5\')')
 4 SYSTEMPATH\Database\BaseBuilder.php(2355): CodeIgniter\Database\BaseConnection->query('INSERT INTO `departamentos` (`nombre_depto`, `cod_region`) VALUES (:nombre_depto:, :cod_region:)', [...], false)
 5 SYSTEMPATH\Model.php(357): CodeIgniter\Database\BaseBuilder->insert()
 6 SYSTEMPATH\BaseModel.php(899): CodeIgniter\Model->doInsert([...])
 7 SYSTEMPATH\Model.php(670): CodeIgniter\BaseModel->insert([...], true)
 8 APPPATH\Controllers\DepartamentosController.php(39): CodeIgniter\Model->insert([...])
 9 SYSTEMPATH\CodeIgniter.php(974): App\Controllers\DepartamentosController->store()
10 SYSTEMPATH\CodeIgniter.php(520): CodeIgniter\CodeIgniter->runController(Object(App\Controllers\DepartamentosController))
11 SYSTEMPATH\CodeIgniter.php(363): CodeIgniter\CodeIgniter->handleRequest(null, Object(Config\Cache), false)
12 SYSTEMPATH\Boot.php(417): CodeIgniter\CodeIgniter->run()
13 SYSTEMPATH\Boot.php(68): CodeIgniter\Boot::runCodeIgniter(Object(CodeIgniter\CodeIgniter))
14 FCPATH\index.php(59): CodeIgniter\Boot::bootWeb(Object(Config\Paths))
ERROR - 2026-10-05 01:38:18 --> Duplicate entry '0' for key 'PRIMARY'
in SYSTEMPATH\Database\MySQLi\Connection.php on line 300.
 1 SYSTEMPATH\Database\MySQLi\Connection.php(300): mysqli->query('INSERT INTO `departamentos` (`nombre_depto`, `cod_region`) VALUES (\'Guatemala\', \'5\')', 0)
 2 SYSTEMPATH\Database\BaseConnection.php(908): CodeIgniter\Database\MySQLi\Connection->execute('INSERT INTO `departamentos` (`nombre_depto`, `cod_region`) VALUES (\'Guatemala\', \'5\')')
 3 SYSTEMPATH\Database\BaseConnection.php(825): CodeIgniter\Database\BaseConnection->simpleQuery('INSERT INTO `departamentos` (`nombre_depto`, `cod_region`) VALUES (\'Guatemala\', \'5\')')
 4 SYSTEMPATH\Database\BaseBuilder.php(2355): CodeIgniter\Database\BaseConnection->query('INSERT INTO `departamentos` (`nombre_depto`, `cod_region`) VALUES (:nombre_depto:, :cod_region:)', [...], false)
 5 SYSTEMPATH\Model.php(357): CodeIgniter\Database\BaseBuilder->insert()
 6 SYSTEMPATH\BaseModel.php(899): CodeIgniter\Model->doInsert([...])
 7 SYSTEMPATH\Model.php(670): CodeIgniter\BaseModel->insert([...], true)
 8 APPPATH\Controllers\DepartamentosController.php(39): CodeIgniter\Model->insert([...])
 9 SYSTEMPATH\CodeIgniter.php(974): App\Controllers\DepartamentosController->store()
10 SYSTEMPATH\CodeIgniter.php(520): CodeIgniter\CodeIgniter->runController(Object(App\Controllers\DepartamentosController))
11 SYSTEMPATH\CodeIgniter.php(363): CodeIgniter\CodeIgniter->handleRequest(null, Object(Config\Cache), false)
12 SYSTEMPATH\Boot.php(417): CodeIgniter\CodeIgniter->run()
13 SYSTEMPATH\Boot.php(68): CodeIgniter\Boot::runCodeIgniter(Object(CodeIgniter\CodeIgniter))
14 FCPATH\index.php(59): CodeIgniter\Boot::bootWeb(Object(Config\Paths))
CRITICAL - 2026-10-05 01:38:18 --> CodeIgniter\Database\Exceptions\DatabaseException: Duplicate entry '0' for key 'PRIMARY'
[Method: POST, Route: departamentos/store]
in SYSTEMPATH\Database\BaseConnection.php on line 863.
 1 SYSTEMPATH\Database\BaseBuilder.php(2355): CodeIgniter\Database\BaseConnection->query('INSERT INTO `departamentos` (`nombre_depto`, `cod_region`) VALUES (:nombre_depto:, :cod_region:)', [...], false)
 2 SYSTEMPATH\Model.php(357): CodeIgniter\Database\BaseBuilder->insert()
 3 SYSTEMPATH\BaseModel.php(899): CodeIgniter\Model->doInsert([...])
 4 SYSTEMPATH\Model.php(670): CodeIgniter\BaseModel->insert([...], true)
 5 APPPATH\Controllers\DepartamentosController.php(39): CodeIgniter\Model->insert([...])
 6 SYSTEMPATH\CodeIgniter.php(974): App\Controllers\DepartamentosController->store()
 7 SYSTEMPATH\CodeIgniter.php(520): CodeIgniter\CodeIgniter->runController(Object(App\Controllers\DepartamentosController))
 8 SYSTEMPATH\CodeIgniter.php(363): CodeIgniter\CodeIgniter->handleRequest(null, Object(Config\Cache), false)
 9 SYSTEMPATH\Boot.php(417): CodeIgniter\CodeIgniter->run()
10 SYSTEMPATH\Boot.php(68): CodeIgniter\Boot::runCodeIgniter(Object(CodeIgniter\CodeIgniter))
11 FCPATH\index.php(59): CodeIgniter\Boot::bootWeb(Object(Config\Paths))
CRITICAL - 2026-10-05 01:38:18 --> [Caused by] CodeIgniter\Database\Exceptions\DatabaseException: Duplicate entry '0' for key 'PRIMARY'
in SYSTEMPATH\Database\MySQLi\Connection.php on line 310.
 1 SYSTEMPATH\Database\BaseConnection.php(908): CodeIgniter\Database\MySQLi\Connection->execute('INSERT INTO `departamentos` (`nombre_depto`, `cod_region`) VALUES (\'Guatemala\', \'5\')')
 2 SYSTEMPATH\Database\BaseConnection.php(825): CodeIgniter\Database\BaseConnection->simpleQuery('INSERT INTO `departamentos` (`nombre_depto`, `cod_region`) VALUES (\'Guatemala\', \'5\')')
 3 SYSTEMPATH\Database\BaseBuilder.php(2355): CodeIgniter\Database\BaseConnection->query('INSERT INTO `departamentos` (`nombre_depto`, `cod_region`) VALUES (:nombre_depto:, :cod_region:)', [...], false)
 4 SYSTEMPATH\Model.php(357): CodeIgniter\Database\BaseBuilder->insert()
 5 SYSTEMPATH\BaseModel.php(899): CodeIgniter\Model->doInsert([...])
 6 SYSTEMPATH\Model.php(670): CodeIgniter\BaseModel->insert([...], true)
 7 APPPATH\Controllers\DepartamentosController.php(39): CodeIgniter\Model->insert([...])
 8 SYSTEMPATH\CodeIgniter.php(974): App\Controllers\DepartamentosController->store()
 9 SYSTEMPATH\CodeIgniter.php(520): CodeIgniter\CodeIgniter->runController(Object(App\Controllers\DepartamentosController))
10 SYSTEMPATH\CodeIgniter.php(363): CodeIgniter\CodeIgniter->handleRequest(null, Object(Config\Cache), false)
11 SYSTEMPATH\Boot.php(417): CodeIgniter\CodeIgniter->run()
12 SYSTEMPATH\Boot.php(68): CodeIgniter\Boot::runCodeIgniter(Object(CodeIgniter\CodeIgniter))
13 FCPATH\index.php(59): CodeIgniter\Boot::bootWeb(Object(Config\Paths))
CRITICAL - 2026-10-05 01:38:18 --> [Caused by] mysqli_sql_exception: Duplicate entry '0' for key 'PRIMARY'
in SYSTEMPATH\Database\MySQLi\Connection.php on line 300.
 1 SYSTEMPATH\Database\MySQLi\Connection.php(300): mysqli->query('INSERT INTO `departamentos` (`nombre_depto`, `cod_region`) VALUES (\'Guatemala\', \'5\')', 0)
 2 SYSTEMPATH\Database\BaseConnection.php(908): CodeIgniter\Database\MySQLi\Connection->execute('INSERT INTO `departamentos` (`nombre_depto`, `cod_region`) VALUES (\'Guatemala\', \'5\')')
 3 SYSTEMPATH\Database\BaseConnection.php(825): CodeIgniter\Database\BaseConnection->simpleQuery('INSERT INTO `departamentos` (`nombre_depto`, `cod_region`) VALUES (\'Guatemala\', \'5\')')
 4 SYSTEMPATH\Database\BaseBuilder.php(2355): CodeIgniter\Database\BaseConnection->query('INSERT INTO `departamentos` (`nombre_depto`, `cod_region`) VALUES (:nombre_depto:, :cod_region:)', [...], false)
 5 SYSTEMPATH\Model.php(357): CodeIgniter\Database\BaseBuilder->insert()
 6 SYSTEMPATH\BaseModel.php(899): CodeIgniter\Model->doInsert([...])
 7 SYSTEMPATH\Model.php(670): CodeIgniter\BaseModel->insert([...], true)
 8 APPPATH\Controllers\DepartamentosController.php(39): CodeIgniter\Model->insert([...])
 9 SYSTEMPATH\CodeIgniter.php(974): App\Controllers\DepartamentosController->store()
10 SYSTEMPATH\CodeIgniter.php(520): CodeIgniter\CodeIgniter->runController(Object(App\Controllers\DepartamentosController))
11 SYSTEMPATH\CodeIgniter.php(363): CodeIgniter\CodeIgniter->handleRequest(null, Object(Config\Cache), false)
12 SYSTEMPATH\Boot.php(417): CodeIgniter\CodeIgniter->run()
13 SYSTEMPATH\Boot.php(68): CodeIgniter\Boot::runCodeIgniter(Object(CodeIgniter\CodeIgniter))
14 FCPATH\index.php(59): CodeIgniter\Boot::bootWeb(Object(Config\Paths))
ERROR - 2026-10-05 01:40:29 --> Duplicate entry '0' for key 'PRIMARY'
in SYSTEMPATH\Database\MySQLi\Connection.php on line 300.
 1 SYSTEMPATH\Database\MySQLi\Connection.php(300): mysqli->query('INSERT INTO `municipios` (`cod_depto`, `nombre_municipio`) VALUES (2, \'RET\')', 0)
 2 SYSTEMPATH\Database\BaseConnection.php(908): CodeIgniter\Database\MySQLi\Connection->execute('INSERT INTO `municipios` (`cod_depto`, `nombre_municipio`) VALUES (2, \'RET\')')
 3 SYSTEMPATH\Database\BaseConnection.php(825): CodeIgniter\Database\BaseConnection->simpleQuery('INSERT INTO `municipios` (`cod_depto`, `nombre_municipio`) VALUES (2, \'RET\')')
 4 SYSTEMPATH\Database\BaseBuilder.php(2355): CodeIgniter\Database\BaseConnection->query('INSERT INTO `municipios` (`cod_depto`, `nombre_municipio`) VALUES (:cod_depto:, :nombre_municipio:)', [...], false)
 5 SYSTEMPATH\Model.php(357): CodeIgniter\Database\BaseBuilder->insert()
 6 SYSTEMPATH\BaseModel.php(899): CodeIgniter\Model->doInsert([...])
 7 SYSTEMPATH\Model.php(670): CodeIgniter\BaseModel->insert([...], true)
 8 APPPATH\Controllers\MunicipiosController.php(43): CodeIgniter\Model->insert([...])
 9 SYSTEMPATH\CodeIgniter.php(974): App\Controllers\MunicipiosController->store()
10 SYSTEMPATH\CodeIgniter.php(520): CodeIgniter\CodeIgniter->runController(Object(App\Controllers\MunicipiosController))
11 SYSTEMPATH\CodeIgniter.php(363): CodeIgniter\CodeIgniter->handleRequest(null, Object(Config\Cache), false)
12 SYSTEMPATH\Boot.php(417): CodeIgniter\CodeIgniter->run()
13 SYSTEMPATH\Boot.php(68): CodeIgniter\Boot::runCodeIgniter(Object(CodeIgniter\CodeIgniter))
14 FCPATH\index.php(59): CodeIgniter\Boot::bootWeb(Object(Config\Paths))
CRITICAL - 2026-10-05 01:40:29 --> CodeIgniter\Database\Exceptions\DatabaseException: Duplicate entry '0' for key 'PRIMARY'
[Method: POST, Route: municipios/store]
in SYSTEMPATH\Database\BaseConnection.php on line 863.
 1 SYSTEMPATH\Database\BaseBuilder.php(2355): CodeIgniter\Database\BaseConnection->query('INSERT INTO `municipios` (`cod_depto`, `nombre_municipio`) VALUES (:cod_depto:, :nombre_municipio:)', [...], false)
 2 SYSTEMPATH\Model.php(357): CodeIgniter\Database\BaseBuilder->insert()
 3 SYSTEMPATH\BaseModel.php(899): CodeIgniter\Model->doInsert([...])
 4 SYSTEMPATH\Model.php(670): CodeIgniter\BaseModel->insert([...], true)
 5 APPPATH\Controllers\MunicipiosController.php(43): CodeIgniter\Model->insert([...])
 6 SYSTEMPATH\CodeIgniter.php(974): App\Controllers\MunicipiosController->store()
 7 SYSTEMPATH\CodeIgniter.php(520): CodeIgniter\CodeIgniter->runController(Object(App\Controllers\MunicipiosController))
 8 SYSTEMPATH\CodeIgniter.php(363): CodeIgniter\CodeIgniter->handleRequest(null, Object(Config\Cache), false)
 9 SYSTEMPATH\Boot.php(417): CodeIgniter\CodeIgniter->run()
10 SYSTEMPATH\Boot.php(68): CodeIgniter\Boot::runCodeIgniter(Object(CodeIgniter\CodeIgniter))
11 FCPATH\index.php(59): CodeIgniter\Boot::bootWeb(Object(Config\Paths))
CRITICAL - 2026-10-05 01:40:29 --> [Caused by] CodeIgniter\Database\Exceptions\DatabaseException: Duplicate entry '0' for key 'PRIMARY'
in SYSTEMPATH\Database\MySQLi\Connection.php on line 310.
 1 SYSTEMPATH\Database\BaseConnection.php(908): CodeIgniter\Database\MySQLi\Connection->execute('INSERT INTO `municipios` (`cod_depto`, `nombre_municipio`) VALUES (2, \'RET\')')
 2 SYSTEMPATH\Database\BaseConnection.php(825): CodeIgniter\Database\BaseConnection->simpleQuery('INSERT INTO `municipios` (`cod_depto`, `nombre_municipio`) VALUES (2, \'RET\')')
 3 SYSTEMPATH\Database\BaseBuilder.php(2355): CodeIgniter\Database\BaseConnection->query('INSERT INTO `municipios` (`cod_depto`, `nombre_municipio`) VALUES (:cod_depto:, :nombre_municipio:)', [...], false)
 4 SYSTEMPATH\Model.php(357): CodeIgniter\Database\BaseBuilder->insert()
 5 SYSTEMPATH\BaseModel.php(899): CodeIgniter\Model->doInsert([...])
 6 SYSTEMPATH\Model.php(670): CodeIgniter\BaseModel->insert([...], true)
 7 APPPATH\Controllers\MunicipiosController.php(43): CodeIgniter\Model->insert([...])
 8 SYSTEMPATH\CodeIgniter.php(974): App\Controllers\MunicipiosController->store()
 9 SYSTEMPATH\CodeIgniter.php(520): CodeIgniter\CodeIgniter->runController(Object(App\Controllers\MunicipiosController))
10 SYSTEMPATH\CodeIgniter.php(363): CodeIgniter\CodeIgniter->handleRequest(null, Object(Config\Cache), false)
11 SYSTEMPATH\Boot.php(417): CodeIgniter\CodeIgniter->run()
12 SYSTEMPATH\Boot.php(68): CodeIgniter\Boot::runCodeIgniter(Object(CodeIgniter\CodeIgniter))
13 FCPATH\index.php(59): CodeIgniter\Boot::bootWeb(Object(Config\Paths))
CRITICAL - 2026-10-05 01:40:29 --> [Caused by] mysqli_sql_exception: Duplicate entry '0' for key 'PRIMARY'
in SYSTEMPATH\Database\MySQLi\Connection.php on line 300.
 1 SYSTEMPATH\Database\MySQLi\Connection.php(300): mysqli->query('INSERT INTO `municipios` (`cod_depto`, `nombre_municipio`) VALUES (2, \'RET\')', 0)
 2 SYSTEMPATH\Database\BaseConnection.php(908): CodeIgniter\Database\MySQLi\Connection->execute('INSERT INTO `municipios` (`cod_depto`, `nombre_municipio`) VALUES (2, \'RET\')')
 3 SYSTEMPATH\Database\BaseConnection.php(825): CodeIgniter\Database\BaseConnection->simpleQuery('INSERT INTO `municipios` (`cod_depto`, `nombre_municipio`) VALUES (2, \'RET\')')
 4 SYSTEMPATH\Database\BaseBuilder.php(2355): CodeIgniter\Database\BaseConnection->query('INSERT INTO `municipios` (`cod_depto`, `nombre_municipio`) VALUES (:cod_depto:, :nombre_municipio:)', [...], false)
 5 SYSTEMPATH\Model.php(357): CodeIgniter\Database\BaseBuilder->insert()
 6 SYSTEMPATH\BaseModel.php(899): CodeIgniter\Model->doInsert([...])
 7 SYSTEMPATH\Model.php(670): CodeIgniter\BaseModel->insert([...], true)
 8 APPPATH\Controllers\MunicipiosController.php(43): CodeIgniter\Model->insert([...])
 9 SYSTEMPATH\CodeIgniter.php(974): App\Controllers\MunicipiosController->store()
10 SYSTEMPATH\CodeIgniter.php(520): CodeIgniter\CodeIgniter->runController(Object(App\Controllers\MunicipiosController))
11 SYSTEMPATH\CodeIgniter.php(363): CodeIgniter\CodeIgniter->handleRequest(null, Object(Config\Cache), false)
12 SYSTEMPATH\Boot.php(417): CodeIgniter\CodeIgniter->run()
13 SYSTEMPATH\Boot.php(68): CodeIgniter\Boot::runCodeIgniter(Object(CodeIgniter\CodeIgniter))
14 FCPATH\index.php(59): CodeIgniter\Boot::bootWeb(Object(Config\Paths))
ERROR - 2026-10-05 01:41:57 --> Duplicate entry '0' for key 'PRIMARY'
in SYSTEMPATH\Database\MySQLi\Connection.php on line 300.
 1 SYSTEMPATH\Database\MySQLi\Connection.php(300): mysqli->query('INSERT INTO `municipios` (`cod_depto`, `nombre_municipio`) VALUES (2, \'RET\')', 0)
 2 SYSTEMPATH\Database\BaseConnection.php(908): CodeIgniter\Database\MySQLi\Connection->execute('INSERT INTO `municipios` (`cod_depto`, `nombre_municipio`) VALUES (2, \'RET\')')
 3 SYSTEMPATH\Database\BaseConnection.php(825): CodeIgniter\Database\BaseConnection->simpleQuery('INSERT INTO `municipios` (`cod_depto`, `nombre_municipio`) VALUES (2, \'RET\')')
 4 SYSTEMPATH\Database\BaseBuilder.php(2355): CodeIgniter\Database\BaseConnection->query('INSERT INTO `municipios` (`cod_depto`, `nombre_municipio`) VALUES (:cod_depto:, :nombre_municipio:)', [...], false)
 5 SYSTEMPATH\Model.php(357): CodeIgniter\Database\BaseBuilder->insert()
 6 SYSTEMPATH\BaseModel.php(899): CodeIgniter\Model->doInsert([...])
 7 SYSTEMPATH\Model.php(670): CodeIgniter\BaseModel->insert([...], true)
 8 APPPATH\Controllers\MunicipiosController.php(43): CodeIgniter\Model->insert([...])
 9 SYSTEMPATH\CodeIgniter.php(974): App\Controllers\MunicipiosController->store()
10 SYSTEMPATH\CodeIgniter.php(520): CodeIgniter\CodeIgniter->runController(Object(App\Controllers\MunicipiosController))
11 SYSTEMPATH\CodeIgniter.php(363): CodeIgniter\CodeIgniter->handleRequest(null, Object(Config\Cache), false)
12 SYSTEMPATH\Boot.php(417): CodeIgniter\CodeIgniter->run()
13 SYSTEMPATH\Boot.php(68): CodeIgniter\Boot::runCodeIgniter(Object(CodeIgniter\CodeIgniter))
14 FCPATH\index.php(59): CodeIgniter\Boot::bootWeb(Object(Config\Paths))
CRITICAL - 2026-10-05 01:41:57 --> CodeIgniter\Database\Exceptions\DatabaseException: Duplicate entry '0' for key 'PRIMARY'
[Method: POST, Route: municipios/store]
in SYSTEMPATH\Database\BaseConnection.php on line 863.
 1 SYSTEMPATH\Database\BaseBuilder.php(2355): CodeIgniter\Database\BaseConnection->query('INSERT INTO `municipios` (`cod_depto`, `nombre_municipio`) VALUES (:cod_depto:, :nombre_municipio:)', [...], false)
 2 SYSTEMPATH\Model.php(357): CodeIgniter\Database\BaseBuilder->insert()
 3 SYSTEMPATH\BaseModel.php(899): CodeIgniter\Model->doInsert([...])
 4 SYSTEMPATH\Model.php(670): CodeIgniter\BaseModel->insert([...], true)
 5 APPPATH\Controllers\MunicipiosController.php(43): CodeIgniter\Model->insert([...])
 6 SYSTEMPATH\CodeIgniter.php(974): App\Controllers\MunicipiosController->store()
 7 SYSTEMPATH\CodeIgniter.php(520): CodeIgniter\CodeIgniter->runController(Object(App\Controllers\MunicipiosController))
 8 SYSTEMPATH\CodeIgniter.php(363): CodeIgniter\CodeIgniter->handleRequest(null, Object(Config\Cache), false)
 9 SYSTEMPATH\Boot.php(417): CodeIgniter\CodeIgniter->run()
10 SYSTEMPATH\Boot.php(68): CodeIgniter\Boot::runCodeIgniter(Object(CodeIgniter\CodeIgniter))
11 FCPATH\index.php(59): CodeIgniter\Boot::bootWeb(Object(Config\Paths))
CRITICAL - 2026-10-05 01:41:57 --> [Caused by] CodeIgniter\Database\Exceptions\DatabaseException: Duplicate entry '0' for key 'PRIMARY'
in SYSTEMPATH\Database\MySQLi\Connection.php on line 310.
 1 SYSTEMPATH\Database\BaseConnection.php(908): CodeIgniter\Database\MySQLi\Connection->execute('INSERT INTO `municipios` (`cod_depto`, `nombre_municipio`) VALUES (2, \'RET\')')
 2 SYSTEMPATH\Database\BaseConnection.php(825): CodeIgniter\Database\BaseConnection->simpleQuery('INSERT INTO `municipios` (`cod_depto`, `nombre_municipio`) VALUES (2, \'RET\')')
 3 SYSTEMPATH\Database\BaseBuilder.php(2355): CodeIgniter\Database\BaseConnection->query('INSERT INTO `municipios` (`cod_depto`, `nombre_municipio`) VALUES (:cod_depto:, :nombre_municipio:)', [...], false)
 4 SYSTEMPATH\Model.php(357): CodeIgniter\Database\BaseBuilder->insert()
 5 SYSTEMPATH\BaseModel.php(899): CodeIgniter\Model->doInsert([...])
 6 SYSTEMPATH\Model.php(670): CodeIgniter\BaseModel->insert([...], true)
 7 APPPATH\Controllers\MunicipiosController.php(43): CodeIgniter\Model->insert([...])
 8 SYSTEMPATH\CodeIgniter.php(974): App\Controllers\MunicipiosController->store()
 9 SYSTEMPATH\CodeIgniter.php(520): CodeIgniter\CodeIgniter->runController(Object(App\Controllers\MunicipiosController))
10 SYSTEMPATH\CodeIgniter.php(363): CodeIgniter\CodeIgniter->handleRequest(null, Object(Config\Cache), false)
11 SYSTEMPATH\Boot.php(417): CodeIgniter\CodeIgniter->run()
12 SYSTEMPATH\Boot.php(68): CodeIgniter\Boot::runCodeIgniter(Object(CodeIgniter\CodeIgniter))
13 FCPATH\index.php(59): CodeIgniter\Boot::bootWeb(Object(Config\Paths))
CRITICAL - 2026-10-05 01:41:57 --> [Caused by] mysqli_sql_exception: Duplicate entry '0' for key 'PRIMARY'
in SYSTEMPATH\Database\MySQLi\Connection.php on line 300.
 1 SYSTEMPATH\Database\MySQLi\Connection.php(300): mysqli->query('INSERT INTO `municipios` (`cod_depto`, `nombre_municipio`) VALUES (2, \'RET\')', 0)
 2 SYSTEMPATH\Database\BaseConnection.php(908): CodeIgniter\Database\MySQLi\Connection->execute('INSERT INTO `municipios` (`cod_depto`, `nombre_municipio`) VALUES (2, \'RET\')')
 3 SYSTEMPATH\Database\BaseConnection.php(825): CodeIgniter\Database\BaseConnection->simpleQuery('INSERT INTO `municipios` (`cod_depto`, `nombre_municipio`) VALUES (2, \'RET\')')
 4 SYSTEMPATH\Database\BaseBuilder.php(2355): CodeIgniter\Database\BaseConnection->query('INSERT INTO `municipios` (`cod_depto`, `nombre_municipio`) VALUES (:cod_depto:, :nombre_municipio:)', [...], false)
 5 SYSTEMPATH\Model.php(357): CodeIgniter\Database\BaseBuilder->insert()
 6 SYSTEMPATH\BaseModel.php(899): CodeIgniter\Model->doInsert([...])
 7 SYSTEMPATH\Model.php(670): CodeIgniter\BaseModel->insert([...], true)
 8 APPPATH\Controllers\MunicipiosController.php(43): CodeIgniter\Model->insert([...])
 9 SYSTEMPATH\CodeIgniter.php(974): App\Controllers\MunicipiosController->store()
10 SYSTEMPATH\CodeIgniter.php(520): CodeIgniter\CodeIgniter->runController(Object(App\Controllers\MunicipiosController))
11 SYSTEMPATH\CodeIgniter.php(363): CodeIgniter\CodeIgniter->handleRequest(null, Object(Config\Cache), false)
12 SYSTEMPATH\Boot.php(417): CodeIgniter\CodeIgniter->run()
13 SYSTEMPATH\Boot.php(68): CodeIgniter\Boot::runCodeIgniter(Object(CodeIgniter\CodeIgniter))
14 FCPATH\index.php(59): CodeIgniter\Boot::bootWeb(Object(Config\Paths))
ERROR - 2026-10-05 01:42:12 --> Duplicate entry '0' for key 'PRIMARY'
in SYSTEMPATH\Database\MySQLi\Connection.php on line 300.
 1 SYSTEMPATH\Database\MySQLi\Connection.php(300): mysqli->query('INSERT INTO `municipios` (`cod_depto`, `nombre_municipio`) VALUES (2, \'RET\')', 0)
 2 SYSTEMPATH\Database\BaseConnection.php(908): CodeIgniter\Database\MySQLi\Connection->execute('INSERT INTO `municipios` (`cod_depto`, `nombre_municipio`) VALUES (2, \'RET\')')
 3 SYSTEMPATH\Database\BaseConnection.php(825): CodeIgniter\Database\BaseConnection->simpleQuery('INSERT INTO `municipios` (`cod_depto`, `nombre_municipio`) VALUES (2, \'RET\')')
 4 SYSTEMPATH\Database\BaseBuilder.php(2355): CodeIgniter\Database\BaseConnection->query('INSERT INTO `municipios` (`cod_depto`, `nombre_municipio`) VALUES (:cod_depto:, :nombre_municipio:)', [...], false)
 5 SYSTEMPATH\Model.php(357): CodeIgniter\Database\BaseBuilder->insert()
 6 SYSTEMPATH\BaseModel.php(899): CodeIgniter\Model->doInsert([...])
 7 SYSTEMPATH\Model.php(670): CodeIgniter\BaseModel->insert([...], true)
 8 APPPATH\Controllers\MunicipiosController.php(43): CodeIgniter\Model->insert([...])
 9 SYSTEMPATH\CodeIgniter.php(974): App\Controllers\MunicipiosController->store()
10 SYSTEMPATH\CodeIgniter.php(520): CodeIgniter\CodeIgniter->runController(Object(App\Controllers\MunicipiosController))
11 SYSTEMPATH\CodeIgniter.php(363): CodeIgniter\CodeIgniter->handleRequest(null, Object(Config\Cache), false)
12 SYSTEMPATH\Boot.php(417): CodeIgniter\CodeIgniter->run()
13 SYSTEMPATH\Boot.php(68): CodeIgniter\Boot::runCodeIgniter(Object(CodeIgniter\CodeIgniter))
14 FCPATH\index.php(59): CodeIgniter\Boot::bootWeb(Object(Config\Paths))
CRITICAL - 2026-10-05 01:42:12 --> CodeIgniter\Database\Exceptions\DatabaseException: Duplicate entry '0' for key 'PRIMARY'
[Method: POST, Route: municipios/store]
in SYSTEMPATH\Database\BaseConnection.php on line 863.
 1 SYSTEMPATH\Database\BaseBuilder.php(2355): CodeIgniter\Database\BaseConnection->query('INSERT INTO `municipios` (`cod_depto`, `nombre_municipio`) VALUES (:cod_depto:, :nombre_municipio:)', [...], false)
 2 SYSTEMPATH\Model.php(357): CodeIgniter\Database\BaseBuilder->insert()
 3 SYSTEMPATH\BaseModel.php(899): CodeIgniter\Model->doInsert([...])
 4 SYSTEMPATH\Model.php(670): CodeIgniter\BaseModel->insert([...], true)
 5 APPPATH\Controllers\MunicipiosController.php(43): CodeIgniter\Model->insert([...])
 6 SYSTEMPATH\CodeIgniter.php(974): App\Controllers\MunicipiosController->store()
 7 SYSTEMPATH\CodeIgniter.php(520): CodeIgniter\CodeIgniter->runController(Object(App\Controllers\MunicipiosController))
 8 SYSTEMPATH\CodeIgniter.php(363): CodeIgniter\CodeIgniter->handleRequest(null, Object(Config\Cache), false)
 9 SYSTEMPATH\Boot.php(417): CodeIgniter\CodeIgniter->run()
10 SYSTEMPATH\Boot.php(68): CodeIgniter\Boot::runCodeIgniter(Object(CodeIgniter\CodeIgniter))
11 FCPATH\index.php(59): CodeIgniter\Boot::bootWeb(Object(Config\Paths))
CRITICAL - 2026-10-05 01:42:12 --> [Caused by] CodeIgniter\Database\Exceptions\DatabaseException: Duplicate entry '0' for key 'PRIMARY'
in SYSTEMPATH\Database\MySQLi\Connection.php on line 310.
 1 SYSTEMPATH\Database\BaseConnection.php(908): CodeIgniter\Database\MySQLi\Connection->execute('INSERT INTO `municipios` (`cod_depto`, `nombre_municipio`) VALUES (2, \'RET\')')
 2 SYSTEMPATH\Database\BaseConnection.php(825): CodeIgniter\Database\BaseConnection->simpleQuery('INSERT INTO `municipios` (`cod_depto`, `nombre_municipio`) VALUES (2, \'RET\')')
 3 SYSTEMPATH\Database\BaseBuilder.php(2355): CodeIgniter\Database\BaseConnection->query('INSERT INTO `municipios` (`cod_depto`, `nombre_municipio`) VALUES (:cod_depto:, :nombre_municipio:)', [...], false)
 4 SYSTEMPATH\Model.php(357): CodeIgniter\Database\BaseBuilder->insert()
 5 SYSTEMPATH\BaseModel.php(899): CodeIgniter\Model->doInsert([...])
 6 SYSTEMPATH\Model.php(670): CodeIgniter\BaseModel->insert([...], true)
 7 APPPATH\Controllers\MunicipiosController.php(43): CodeIgniter\Model->insert([...])
 8 SYSTEMPATH\CodeIgniter.php(974): App\Controllers\MunicipiosController->store()
 9 SYSTEMPATH\CodeIgniter.php(520): CodeIgniter\CodeIgniter->runController(Object(App\Controllers\MunicipiosController))
10 SYSTEMPATH\CodeIgniter.php(363): CodeIgniter\CodeIgniter->handleRequest(null, Object(Config\Cache), false)
11 SYSTEMPATH\Boot.php(417): CodeIgniter\CodeIgniter->run()
12 SYSTEMPATH\Boot.php(68): CodeIgniter\Boot::runCodeIgniter(Object(CodeIgniter\CodeIgniter))
13 FCPATH\index.php(59): CodeIgniter\Boot::bootWeb(Object(Config\Paths))
CRITICAL - 2026-10-05 01:42:12 --> [Caused by] mysqli_sql_exception: Duplicate entry '0' for key 'PRIMARY'
in SYSTEMPATH\Database\MySQLi\Connection.php on line 300.
 1 SYSTEMPATH\Database\MySQLi\Connection.php(300): mysqli->query('INSERT INTO `municipios` (`cod_depto`, `nombre_municipio`) VALUES (2, \'RET\')', 0)
 2 SYSTEMPATH\Database\BaseConnection.php(908): CodeIgniter\Database\MySQLi\Connection->execute('INSERT INTO `municipios` (`cod_depto`, `nombre_municipio`) VALUES (2, \'RET\')')
 3 SYSTEMPATH\Database\BaseConnection.php(825): CodeIgniter\Database\BaseConnection->simpleQuery('INSERT INTO `municipios` (`cod_depto`, `nombre_municipio`) VALUES (2, \'RET\')')
 4 SYSTEMPATH\Database\BaseBuilder.php(2355): CodeIgniter\Database\BaseConnection->query('INSERT INTO `municipios` (`cod_depto`, `nombre_municipio`) VALUES (:cod_depto:, :nombre_municipio:)', [...], false)
 5 SYSTEMPATH\Model.php(357): CodeIgniter\Database\BaseBuilder->insert()
 6 SYSTEMPATH\BaseModel.php(899): CodeIgniter\Model->doInsert([...])
 7 SYSTEMPATH\Model.php(670): CodeIgniter\BaseModel->insert([...], true)
 8 APPPATH\Controllers\MunicipiosController.php(43): CodeIgniter\Model->insert([...])
 9 SYSTEMPATH\CodeIgniter.php(974): App\Controllers\MunicipiosController->store()
10 SYSTEMPATH\CodeIgniter.php(520): CodeIgniter\CodeIgniter->runController(Object(App\Controllers\MunicipiosController))
11 SYSTEMPATH\CodeIgniter.php(363): CodeIgniter\CodeIgniter->handleRequest(null, Object(Config\Cache), false)
12 SYSTEMPATH\Boot.php(417): CodeIgniter\CodeIgniter->run()
13 SYSTEMPATH\Boot.php(68): CodeIgniter\Boot::runCodeIgniter(Object(CodeIgniter\CodeIgniter))
14 FCPATH\index.php(59): CodeIgniter\Boot::bootWeb(Object(Config\Paths))
ERROR - 2026-10-05 01:42:31 --> Duplicate entry '0' for key 'PRIMARY'
in SYSTEMPATH\Database\MySQLi\Connection.php on line 300.
 1 SYSTEMPATH\Database\MySQLi\Connection.php(300): mysqli->query('INSERT INTO `municipios` (`cod_depto`, `nombre_municipio`) VALUES (2, \'CD\')', 0)
 2 SYSTEMPATH\Database\BaseConnection.php(908): CodeIgniter\Database\MySQLi\Connection->execute('INSERT INTO `municipios` (`cod_depto`, `nombre_municipio`) VALUES (2, \'CD\')')
 3 SYSTEMPATH\Database\BaseConnection.php(825): CodeIgniter\Database\BaseConnection->simpleQuery('INSERT INTO `municipios` (`cod_depto`, `nombre_municipio`) VALUES (2, \'CD\')')
 4 SYSTEMPATH\Database\BaseBuilder.php(2355): CodeIgniter\Database\BaseConnection->query('INSERT INTO `municipios` (`cod_depto`, `nombre_municipio`) VALUES (:cod_depto:, :nombre_municipio:)', [...], false)
 5 SYSTEMPATH\Model.php(357): CodeIgniter\Database\BaseBuilder->insert()
 6 SYSTEMPATH\BaseModel.php(899): CodeIgniter\Model->doInsert([...])
 7 SYSTEMPATH\Model.php(670): CodeIgniter\BaseModel->insert([...], true)
 8 APPPATH\Controllers\MunicipiosController.php(43): CodeIgniter\Model->insert([...])
 9 SYSTEMPATH\CodeIgniter.php(974): App\Controllers\MunicipiosController->store()
10 SYSTEMPATH\CodeIgniter.php(520): CodeIgniter\CodeIgniter->runController(Object(App\Controllers\MunicipiosController))
11 SYSTEMPATH\CodeIgniter.php(363): CodeIgniter\CodeIgniter->handleRequest(null, Object(Config\Cache), false)
12 SYSTEMPATH\Boot.php(417): CodeIgniter\CodeIgniter->run()
13 SYSTEMPATH\Boot.php(68): CodeIgniter\Boot::runCodeIgniter(Object(CodeIgniter\CodeIgniter))
14 FCPATH\index.php(59): CodeIgniter\Boot::bootWeb(Object(Config\Paths))
CRITICAL - 2026-10-05 01:42:31 --> CodeIgniter\Database\Exceptions\DatabaseException: Duplicate entry '0' for key 'PRIMARY'
[Method: POST, Route: municipios/store]
in SYSTEMPATH\Database\BaseConnection.php on line 863.
 1 SYSTEMPATH\Database\BaseBuilder.php(2355): CodeIgniter\Database\BaseConnection->query('INSERT INTO `municipios` (`cod_depto`, `nombre_municipio`) VALUES (:cod_depto:, :nombre_municipio:)', [...], false)
 2 SYSTEMPATH\Model.php(357): CodeIgniter\Database\BaseBuilder->insert()
 3 SYSTEMPATH\BaseModel.php(899): CodeIgniter\Model->doInsert([...])
 4 SYSTEMPATH\Model.php(670): CodeIgniter\BaseModel->insert([...], true)
 5 APPPATH\Controllers\MunicipiosController.php(43): CodeIgniter\Model->insert([...])
 6 SYSTEMPATH\CodeIgniter.php(974): App\Controllers\MunicipiosController->store()
 7 SYSTEMPATH\CodeIgniter.php(520): CodeIgniter\CodeIgniter->runController(Object(App\Controllers\MunicipiosController))
 8 SYSTEMPATH\CodeIgniter.php(363): CodeIgniter\CodeIgniter->handleRequest(null, Object(Config\Cache), false)
 9 SYSTEMPATH\Boot.php(417): CodeIgniter\CodeIgniter->run()
10 SYSTEMPATH\Boot.php(68): CodeIgniter\Boot::runCodeIgniter(Object(CodeIgniter\CodeIgniter))
11 FCPATH\index.php(59): CodeIgniter\Boot::bootWeb(Object(Config\Paths))
CRITICAL - 2026-10-05 01:42:31 --> [Caused by] CodeIgniter\Database\Exceptions\DatabaseException: Duplicate entry '0' for key 'PRIMARY'
in SYSTEMPATH\Database\MySQLi\Connection.php on line 310.
 1 SYSTEMPATH\Database\BaseConnection.php(908): CodeIgniter\Database\MySQLi\Connection->execute('INSERT INTO `municipios` (`cod_depto`, `nombre_municipio`) VALUES (2, \'CD\')')
 2 SYSTEMPATH\Database\BaseConnection.php(825): CodeIgniter\Database\BaseConnection->simpleQuery('INSERT INTO `municipios` (`cod_depto`, `nombre_municipio`) VALUES (2, \'CD\')')
 3 SYSTEMPATH\Database\BaseBuilder.php(2355): CodeIgniter\Database\BaseConnection->query('INSERT INTO `municipios` (`cod_depto`, `nombre_municipio`) VALUES (:cod_depto:, :nombre_municipio:)', [...], false)
 4 SYSTEMPATH\Model.php(357): CodeIgniter\Database\BaseBuilder->insert()
 5 SYSTEMPATH\BaseModel.php(899): CodeIgniter\Model->doInsert([...])
 6 SYSTEMPATH\Model.php(670): CodeIgniter\BaseModel->insert([...], true)
 7 APPPATH\Controllers\MunicipiosController.php(43): CodeIgniter\Model->insert([...])
 8 SYSTEMPATH\CodeIgniter.php(974): App\Controllers\MunicipiosController->store()
 9 SYSTEMPATH\CodeIgniter.php(520): CodeIgniter\CodeIgniter->runController(Object(App\Controllers\MunicipiosController))
10 SYSTEMPATH\CodeIgniter.php(363): CodeIgniter\CodeIgniter->handleRequest(null, Object(Config\Cache), false)
11 SYSTEMPATH\Boot.php(417): CodeIgniter\CodeIgniter->run()
12 SYSTEMPATH\Boot.php(68): CodeIgniter\Boot::runCodeIgniter(Object(CodeIgniter\CodeIgniter))
13 FCPATH\index.php(59): CodeIgniter\Boot::bootWeb(Object(Config\Paths))
CRITICAL - 2026-10-05 01:42:31 --> [Caused by] mysqli_sql_exception: Duplicate entry '0' for key 'PRIMARY'
in SYSTEMPATH\Database\MySQLi\Connection.php on line 300.
 1 SYSTEMPATH\Database\MySQLi\Connection.php(300): mysqli->query('INSERT INTO `municipios` (`cod_depto`, `nombre_municipio`) VALUES (2, \'CD\')', 0)
 2 SYSTEMPATH\Database\BaseConnection.php(908): CodeIgniter\Database\MySQLi\Connection->execute('INSERT INTO `municipios` (`cod_depto`, `nombre_municipio`) VALUES (2, \'CD\')')
 3 SYSTEMPATH\Database\BaseConnection.php(825): CodeIgniter\Database\BaseConnection->simpleQuery('INSERT INTO `municipios` (`cod_depto`, `nombre_municipio`) VALUES (2, \'CD\')')
 4 SYSTEMPATH\Database\BaseBuilder.php(2355): CodeIgniter\Database\BaseConnection->query('INSERT INTO `municipios` (`cod_depto`, `nombre_municipio`) VALUES (:cod_depto:, :nombre_municipio:)', [...], false)
 5 SYSTEMPATH\Model.php(357): CodeIgniter\Database\BaseBuilder->insert()
 6 SYSTEMPATH\BaseModel.php(899): CodeIgniter\Model->doInsert([...])
 7 SYSTEMPATH\Model.php(670): CodeIgniter\BaseModel->insert([...], true)
 8 APPPATH\Controllers\MunicipiosController.php(43): CodeIgniter\Model->insert([...])
 9 SYSTEMPATH\CodeIgniter.php(974): App\Controllers\MunicipiosController->store()
10 SYSTEMPATH\CodeIgniter.php(520): CodeIgniter\CodeIgniter->runController(Object(App\Controllers\MunicipiosController))
11 SYSTEMPATH\CodeIgniter.php(363): CodeIgniter\CodeIgniter->handleRequest(null, Object(Config\Cache), false)
12 SYSTEMPATH\Boot.php(417): CodeIgniter\CodeIgniter->run()
13 SYSTEMPATH\Boot.php(68): CodeIgniter\Boot::runCodeIgniter(Object(CodeIgniter\CodeIgniter))
14 FCPATH\index.php(59): CodeIgniter\Boot::bootWeb(Object(Config\Paths))
ERROR - 2026-10-05 01:44:30 --> Duplicate entry '0' for key 'PRIMARY'
in SYSTEMPATH\Database\MySQLi\Connection.php on line 300.
 1 SYSTEMPATH\Database\MySQLi\Connection.php(300): mysqli->query('INSERT INTO `municipios` (`cod_depto`, `nombre_municipio`) VALUES (2, \'CD\')', 0)
 2 SYSTEMPATH\Database\BaseConnection.php(908): CodeIgniter\Database\MySQLi\Connection->execute('INSERT INTO `municipios` (`cod_depto`, `nombre_municipio`) VALUES (2, \'CD\')')
 3 SYSTEMPATH\Database\BaseConnection.php(825): CodeIgniter\Database\BaseConnection->simpleQuery('INSERT INTO `municipios` (`cod_depto`, `nombre_municipio`) VALUES (2, \'CD\')')
 4 SYSTEMPATH\Database\BaseBuilder.php(2355): CodeIgniter\Database\BaseConnection->query('INSERT INTO `municipios` (`cod_depto`, `nombre_municipio`) VALUES (:cod_depto:, :nombre_municipio:)', [...], false)
 5 SYSTEMPATH\Model.php(357): CodeIgniter\Database\BaseBuilder->insert()
 6 SYSTEMPATH\BaseModel.php(899): CodeIgniter\Model->doInsert([...])
 7 SYSTEMPATH\Model.php(670): CodeIgniter\BaseModel->insert([...], true)
 8 APPPATH\Controllers\MunicipiosController.php(43): CodeIgniter\Model->insert([...])
 9 SYSTEMPATH\CodeIgniter.php(974): App\Controllers\MunicipiosController->store()
10 SYSTEMPATH\CodeIgniter.php(520): CodeIgniter\CodeIgniter->runController(Object(App\Controllers\MunicipiosController))
11 SYSTEMPATH\CodeIgniter.php(363): CodeIgniter\CodeIgniter->handleRequest(null, Object(Config\Cache), false)
12 SYSTEMPATH\Boot.php(417): CodeIgniter\CodeIgniter->run()
13 SYSTEMPATH\Boot.php(68): CodeIgniter\Boot::runCodeIgniter(Object(CodeIgniter\CodeIgniter))
14 FCPATH\index.php(59): CodeIgniter\Boot::bootWeb(Object(Config\Paths))
CRITICAL - 2026-10-05 01:44:30 --> CodeIgniter\Database\Exceptions\DatabaseException: Duplicate entry '0' for key 'PRIMARY'
[Method: POST, Route: municipios/store]
in SYSTEMPATH\Database\BaseConnection.php on line 863.
 1 SYSTEMPATH\Database\BaseBuilder.php(2355): CodeIgniter\Database\BaseConnection->query('INSERT INTO `municipios` (`cod_depto`, `nombre_municipio`) VALUES (:cod_depto:, :nombre_municipio:)', [...], false)
 2 SYSTEMPATH\Model.php(357): CodeIgniter\Database\BaseBuilder->insert()
 3 SYSTEMPATH\BaseModel.php(899): CodeIgniter\Model->doInsert([...])
 4 SYSTEMPATH\Model.php(670): CodeIgniter\BaseModel->insert([...], true)
 5 APPPATH\Controllers\MunicipiosController.php(43): CodeIgniter\Model->insert([...])
 6 SYSTEMPATH\CodeIgniter.php(974): App\Controllers\MunicipiosController->store()
 7 SYSTEMPATH\CodeIgniter.php(520): CodeIgniter\CodeIgniter->runController(Object(App\Controllers\MunicipiosController))
 8 SYSTEMPATH\CodeIgniter.php(363): CodeIgniter\CodeIgniter->handleRequest(null, Object(Config\Cache), false)
 9 SYSTEMPATH\Boot.php(417): CodeIgniter\CodeIgniter->run()
10 SYSTEMPATH\Boot.php(68): CodeIgniter\Boot::runCodeIgniter(Object(CodeIgniter\CodeIgniter))
11 FCPATH\index.php(59): CodeIgniter\Boot::bootWeb(Object(Config\Paths))
CRITICAL - 2026-10-05 01:44:30 --> [Caused by] CodeIgniter\Database\Exceptions\DatabaseException: Duplicate entry '0' for key 'PRIMARY'
in SYSTEMPATH\Database\MySQLi\Connection.php on line 310.
 1 SYSTEMPATH\Database\BaseConnection.php(908): CodeIgniter\Database\MySQLi\Connection->execute('INSERT INTO `municipios` (`cod_depto`, `nombre_municipio`) VALUES (2, \'CD\')')
 2 SYSTEMPATH\Database\BaseConnection.php(825): CodeIgniter\Database\BaseConnection->simpleQuery('INSERT INTO `municipios` (`cod_depto`, `nombre_municipio`) VALUES (2, \'CD\')')
 3 SYSTEMPATH\Database\BaseBuilder.php(2355): CodeIgniter\Database\BaseConnection->query('INSERT INTO `municipios` (`cod_depto`, `nombre_municipio`) VALUES (:cod_depto:, :nombre_municipio:)', [...], false)
 4 SYSTEMPATH\Model.php(357): CodeIgniter\Database\BaseBuilder->insert()
 5 SYSTEMPATH\BaseModel.php(899): CodeIgniter\Model->doInsert([...])
 6 SYSTEMPATH\Model.php(670): CodeIgniter\BaseModel->insert([...], true)
 7 APPPATH\Controllers\MunicipiosController.php(43): CodeIgniter\Model->insert([...])
 8 SYSTEMPATH\CodeIgniter.php(974): App\Controllers\MunicipiosController->store()
 9 SYSTEMPATH\CodeIgniter.php(520): CodeIgniter\CodeIgniter->runController(Object(App\Controllers\MunicipiosController))
10 SYSTEMPATH\CodeIgniter.php(363): CodeIgniter\CodeIgniter->handleRequest(null, Object(Config\Cache), false)
11 SYSTEMPATH\Boot.php(417): CodeIgniter\CodeIgniter->run()
12 SYSTEMPATH\Boot.php(68): CodeIgniter\Boot::runCodeIgniter(Object(CodeIgniter\CodeIgniter))
13 FCPATH\index.php(59): CodeIgniter\Boot::bootWeb(Object(Config\Paths))
CRITICAL - 2026-10-05 01:44:30 --> [Caused by] mysqli_sql_exception: Duplicate entry '0' for key 'PRIMARY'
in SYSTEMPATH\Database\MySQLi\Connection.php on line 300.
 1 SYSTEMPATH\Database\MySQLi\Connection.php(300): mysqli->query('INSERT INTO `municipios` (`cod_depto`, `nombre_municipio`) VALUES (2, \'CD\')', 0)
 2 SYSTEMPATH\Database\BaseConnection.php(908): CodeIgniter\Database\MySQLi\Connection->execute('INSERT INTO `municipios` (`cod_depto`, `nombre_municipio`) VALUES (2, \'CD\')')
 3 SYSTEMPATH\Database\BaseConnection.php(825): CodeIgniter\Database\BaseConnection->simpleQuery('INSERT INTO `municipios` (`cod_depto`, `nombre_municipio`) VALUES (2, \'CD\')')
 4 SYSTEMPATH\Database\BaseBuilder.php(2355): CodeIgniter\Database\BaseConnection->query('INSERT INTO `municipios` (`cod_depto`, `nombre_municipio`) VALUES (:cod_depto:, :nombre_municipio:)', [...], false)
 5 SYSTEMPATH\Model.php(357): CodeIgniter\Database\BaseBuilder->insert()
 6 SYSTEMPATH\BaseModel.php(899): CodeIgniter\Model->doInsert([...])
 7 SYSTEMPATH\Model.php(670): CodeIgniter\BaseModel->insert([...], true)
 8 APPPATH\Controllers\MunicipiosController.php(43): CodeIgniter\Model->insert([...])
 9 SYSTEMPATH\CodeIgniter.php(974): App\Controllers\MunicipiosController->store()
10 SYSTEMPATH\CodeIgniter.php(520): CodeIgniter\CodeIgniter->runController(Object(App\Controllers\MunicipiosController))
11 SYSTEMPATH\CodeIgniter.php(363): CodeIgniter\CodeIgniter->handleRequest(null, Object(Config\Cache), false)
12 SYSTEMPATH\Boot.php(417): CodeIgniter\CodeIgniter->run()
13 SYSTEMPATH\Boot.php(68): CodeIgniter\Boot::runCodeIgniter(Object(CodeIgniter\CodeIgniter))
14 FCPATH\index.php(59): CodeIgniter\Boot::bootWeb(Object(Config\Paths))
ERROR - 2026-10-05 01:44:43 --> Duplicate entry '0' for key 'PRIMARY'
in SYSTEMPATH\Database\MySQLi\Connection.php on line 300.
 1 SYSTEMPATH\Database\MySQLi\Connection.php(300): mysqli->query('INSERT INTO `municipios` (`cod_depto`, `nombre_municipio`) VALUES (2, \'CD\')', 0)
 2 SYSTEMPATH\Database\BaseConnection.php(908): CodeIgniter\Database\MySQLi\Connection->execute('INSERT INTO `municipios` (`cod_depto`, `nombre_municipio`) VALUES (2, \'CD\')')
 3 SYSTEMPATH\Database\BaseConnection.php(825): CodeIgniter\Database\BaseConnection->simpleQuery('INSERT INTO `municipios` (`cod_depto`, `nombre_municipio`) VALUES (2, \'CD\')')
 4 SYSTEMPATH\Database\BaseBuilder.php(2355): CodeIgniter\Database\BaseConnection->query('INSERT INTO `municipios` (`cod_depto`, `nombre_municipio`) VALUES (:cod_depto:, :nombre_municipio:)', [...], false)
 5 SYSTEMPATH\Model.php(357): CodeIgniter\Database\BaseBuilder->insert()
 6 SYSTEMPATH\BaseModel.php(899): CodeIgniter\Model->doInsert([...])
 7 SYSTEMPATH\Model.php(670): CodeIgniter\BaseModel->insert([...], true)
 8 APPPATH\Controllers\MunicipiosController.php(43): CodeIgniter\Model->insert([...])
 9 SYSTEMPATH\CodeIgniter.php(974): App\Controllers\MunicipiosController->store()
10 SYSTEMPATH\CodeIgniter.php(520): CodeIgniter\CodeIgniter->runController(Object(App\Controllers\MunicipiosController))
11 SYSTEMPATH\CodeIgniter.php(363): CodeIgniter\CodeIgniter->handleRequest(null, Object(Config\Cache), false)
12 SYSTEMPATH\Boot.php(417): CodeIgniter\CodeIgniter->run()
13 SYSTEMPATH\Boot.php(68): CodeIgniter\Boot::runCodeIgniter(Object(CodeIgniter\CodeIgniter))
14 FCPATH\index.php(59): CodeIgniter\Boot::bootWeb(Object(Config\Paths))
CRITICAL - 2026-10-05 01:44:43 --> CodeIgniter\Database\Exceptions\DatabaseException: Duplicate entry '0' for key 'PRIMARY'
[Method: POST, Route: municipios/store]
in SYSTEMPATH\Database\BaseConnection.php on line 863.
 1 SYSTEMPATH\Database\BaseBuilder.php(2355): CodeIgniter\Database\BaseConnection->query('INSERT INTO `municipios` (`cod_depto`, `nombre_municipio`) VALUES (:cod_depto:, :nombre_municipio:)', [...], false)
 2 SYSTEMPATH\Model.php(357): CodeIgniter\Database\BaseBuilder->insert()
 3 SYSTEMPATH\BaseModel.php(899): CodeIgniter\Model->doInsert([...])
 4 SYSTEMPATH\Model.php(670): CodeIgniter\BaseModel->insert([...], true)
 5 APPPATH\Controllers\MunicipiosController.php(43): CodeIgniter\Model->insert([...])
 6 SYSTEMPATH\CodeIgniter.php(974): App\Controllers\MunicipiosController->store()
 7 SYSTEMPATH\CodeIgniter.php(520): CodeIgniter\CodeIgniter->runController(Object(App\Controllers\MunicipiosController))
 8 SYSTEMPATH\CodeIgniter.php(363): CodeIgniter\CodeIgniter->handleRequest(null, Object(Config\Cache), false)
 9 SYSTEMPATH\Boot.php(417): CodeIgniter\CodeIgniter->run()
10 SYSTEMPATH\Boot.php(68): CodeIgniter\Boot::runCodeIgniter(Object(CodeIgniter\CodeIgniter))
11 FCPATH\index.php(59): CodeIgniter\Boot::bootWeb(Object(Config\Paths))
CRITICAL - 2026-10-05 01:44:43 --> [Caused by] CodeIgniter\Database\Exceptions\DatabaseException: Duplicate entry '0' for key 'PRIMARY'
in SYSTEMPATH\Database\MySQLi\Connection.php on line 310.
 1 SYSTEMPATH\Database\BaseConnection.php(908): CodeIgniter\Database\MySQLi\Connection->execute('INSERT INTO `municipios` (`cod_depto`, `nombre_municipio`) VALUES (2, \'CD\')')
 2 SYSTEMPATH\Database\BaseConnection.php(825): CodeIgniter\Database\BaseConnection->simpleQuery('INSERT INTO `municipios` (`cod_depto`, `nombre_municipio`) VALUES (2, \'CD\')')
 3 SYSTEMPATH\Database\BaseBuilder.php(2355): CodeIgniter\Database\BaseConnection->query('INSERT INTO `municipios` (`cod_depto`, `nombre_municipio`) VALUES (:cod_depto:, :nombre_municipio:)', [...], false)
 4 SYSTEMPATH\Model.php(357): CodeIgniter\Database\BaseBuilder->insert()
 5 SYSTEMPATH\BaseModel.php(899): CodeIgniter\Model->doInsert([...])
 6 SYSTEMPATH\Model.php(670): CodeIgniter\BaseModel->insert([...], true)
 7 APPPATH\Controllers\MunicipiosController.php(43): CodeIgniter\Model->insert([...])
 8 SYSTEMPATH\CodeIgniter.php(974): App\Controllers\MunicipiosController->store()
 9 SYSTEMPATH\CodeIgniter.php(520): CodeIgniter\CodeIgniter->runController(Object(App\Controllers\MunicipiosController))
10 SYSTEMPATH\CodeIgniter.php(363): CodeIgniter\CodeIgniter->handleRequest(null, Object(Config\Cache), false)
11 SYSTEMPATH\Boot.php(417): CodeIgniter\CodeIgniter->run()
12 SYSTEMPATH\Boot.php(68): CodeIgniter\Boot::runCodeIgniter(Object(CodeIgniter\CodeIgniter))
13 FCPATH\index.php(59): CodeIgniter\Boot::bootWeb(Object(Config\Paths))
CRITICAL - 2026-10-05 01:44:43 --> [Caused by] mysqli_sql_exception: Duplicate entry '0' for key 'PRIMARY'
in SYSTEMPATH\Database\MySQLi\Connection.php on line 300.
 1 SYSTEMPATH\Database\MySQLi\Connection.php(300): mysqli->query('INSERT INTO `municipios` (`cod_depto`, `nombre_municipio`) VALUES (2, \'CD\')', 0)
 2 SYSTEMPATH\Database\BaseConnection.php(908): CodeIgniter\Database\MySQLi\Connection->execute('INSERT INTO `municipios` (`cod_depto`, `nombre_municipio`) VALUES (2, \'CD\')')
 3 SYSTEMPATH\Database\BaseConnection.php(825): CodeIgniter\Database\BaseConnection->simpleQuery('INSERT INTO `municipios` (`cod_depto`, `nombre_municipio`) VALUES (2, \'CD\')')
 4 SYSTEMPATH\Database\BaseBuilder.php(2355): CodeIgniter\Database\BaseConnection->query('INSERT INTO `municipios` (`cod_depto`, `nombre_municipio`) VALUES (:cod_depto:, :nombre_municipio:)', [...], false)
 5 SYSTEMPATH\Model.php(357): CodeIgniter\Database\BaseBuilder->insert()
 6 SYSTEMPATH\BaseModel.php(899): CodeIgniter\Model->doInsert([...])
 7 SYSTEMPATH\Model.php(670): CodeIgniter\BaseModel->insert([...], true)
 8 APPPATH\Controllers\MunicipiosController.php(43): CodeIgniter\Model->insert([...])
 9 SYSTEMPATH\CodeIgniter.php(974): App\Controllers\MunicipiosController->store()
10 SYSTEMPATH\CodeIgniter.php(520): CodeIgniter\CodeIgniter->runController(Object(App\Controllers\MunicipiosController))
11 SYSTEMPATH\CodeIgniter.php(363): CodeIgniter\CodeIgniter->handleRequest(null, Object(Config\Cache), false)
12 SYSTEMPATH\Boot.php(417): CodeIgniter\CodeIgniter->run()
13 SYSTEMPATH\Boot.php(68): CodeIgniter\Boot::runCodeIgniter(Object(CodeIgniter\CodeIgniter))
14 FCPATH\index.php(59): CodeIgniter\Boot::bootWeb(Object(Config\Paths))
ERROR - 2026-10-05 01:46:26 --> Duplicate entry '0' for key 'PRIMARY'
in SYSTEMPATH\Database\MySQLi\Connection.php on line 300.
 1 SYSTEMPATH\Database\MySQLi\Connection.php(300): mysqli->query('INSERT INTO `municipios` (`cod_depto`, `nombre_municipio`) VALUES (2, \'CD\')', 0)
 2 SYSTEMPATH\Database\BaseConnection.php(908): CodeIgniter\Database\MySQLi\Connection->execute('INSERT INTO `municipios` (`cod_depto`, `nombre_municipio`) VALUES (2, \'CD\')')
 3 SYSTEMPATH\Database\BaseConnection.php(825): CodeIgniter\Database\BaseConnection->simpleQuery('INSERT INTO `municipios` (`cod_depto`, `nombre_municipio`) VALUES (2, \'CD\')')
 4 SYSTEMPATH\Database\BaseBuilder.php(2355): CodeIgniter\Database\BaseConnection->query('INSERT INTO `municipios` (`cod_depto`, `nombre_municipio`) VALUES (:cod_depto:, :nombre_municipio:)', [...], false)
 5 SYSTEMPATH\Model.php(357): CodeIgniter\Database\BaseBuilder->insert()
 6 SYSTEMPATH\BaseModel.php(899): CodeIgniter\Model->doInsert([...])
 7 SYSTEMPATH\Model.php(670): CodeIgniter\BaseModel->insert([...], true)
 8 APPPATH\Controllers\MunicipiosController.php(43): CodeIgniter\Model->insert([...])
 9 SYSTEMPATH\CodeIgniter.php(974): App\Controllers\MunicipiosController->store()
10 SYSTEMPATH\CodeIgniter.php(520): CodeIgniter\CodeIgniter->runController(Object(App\Controllers\MunicipiosController))
11 SYSTEMPATH\CodeIgniter.php(363): CodeIgniter\CodeIgniter->handleRequest(null, Object(Config\Cache), false)
12 SYSTEMPATH\Boot.php(417): CodeIgniter\CodeIgniter->run()
13 SYSTEMPATH\Boot.php(68): CodeIgniter\Boot::runCodeIgniter(Object(CodeIgniter\CodeIgniter))
14 FCPATH\index.php(59): CodeIgniter\Boot::bootWeb(Object(Config\Paths))
CRITICAL - 2026-10-05 01:46:26 --> CodeIgniter\Database\Exceptions\DatabaseException: Duplicate entry '0' for key 'PRIMARY'
[Method: POST, Route: municipios/store]
in SYSTEMPATH\Database\BaseConnection.php on line 863.
 1 SYSTEMPATH\Database\BaseBuilder.php(2355): CodeIgniter\Database\BaseConnection->query('INSERT INTO `municipios` (`cod_depto`, `nombre_municipio`) VALUES (:cod_depto:, :nombre_municipio:)', [...], false)
 2 SYSTEMPATH\Model.php(357): CodeIgniter\Database\BaseBuilder->insert()
 3 SYSTEMPATH\BaseModel.php(899): CodeIgniter\Model->doInsert([...])
 4 SYSTEMPATH\Model.php(670): CodeIgniter\BaseModel->insert([...], true)
 5 APPPATH\Controllers\MunicipiosController.php(43): CodeIgniter\Model->insert([...])
 6 SYSTEMPATH\CodeIgniter.php(974): App\Controllers\MunicipiosController->store()
 7 SYSTEMPATH\CodeIgniter.php(520): CodeIgniter\CodeIgniter->runController(Object(App\Controllers\MunicipiosController))
 8 SYSTEMPATH\CodeIgniter.php(363): CodeIgniter\CodeIgniter->handleRequest(null, Object(Config\Cache), false)
 9 SYSTEMPATH\Boot.php(417): CodeIgniter\CodeIgniter->run()
10 SYSTEMPATH\Boot.php(68): CodeIgniter\Boot::runCodeIgniter(Object(CodeIgniter\CodeIgniter))
11 FCPATH\index.php(59): CodeIgniter\Boot::bootWeb(Object(Config\Paths))
CRITICAL - 2026-10-05 01:46:26 --> [Caused by] CodeIgniter\Database\Exceptions\DatabaseException: Duplicate entry '0' for key 'PRIMARY'
in SYSTEMPATH\Database\MySQLi\Connection.php on line 310.
 1 SYSTEMPATH\Database\BaseConnection.php(908): CodeIgniter\Database\MySQLi\Connection->execute('INSERT INTO `municipios` (`cod_depto`, `nombre_municipio`) VALUES (2, \'CD\')')
 2 SYSTEMPATH\Database\BaseConnection.php(825): CodeIgniter\Database\BaseConnection->simpleQuery('INSERT INTO `municipios` (`cod_depto`, `nombre_municipio`) VALUES (2, \'CD\')')
 3 SYSTEMPATH\Database\BaseBuilder.php(2355): CodeIgniter\Database\BaseConnection->query('INSERT INTO `municipios` (`cod_depto`, `nombre_municipio`) VALUES (:cod_depto:, :nombre_municipio:)', [...], false)
 4 SYSTEMPATH\Model.php(357): CodeIgniter\Database\BaseBuilder->insert()
 5 SYSTEMPATH\BaseModel.php(899): CodeIgniter\Model->doInsert([...])
 6 SYSTEMPATH\Model.php(670): CodeIgniter\BaseModel->insert([...], true)
 7 APPPATH\Controllers\MunicipiosController.php(43): CodeIgniter\Model->insert([...])
 8 SYSTEMPATH\CodeIgniter.php(974): App\Controllers\MunicipiosController->store()
 9 SYSTEMPATH\CodeIgniter.php(520): CodeIgniter\CodeIgniter->runController(Object(App\Controllers\MunicipiosController))
10 SYSTEMPATH\CodeIgniter.php(363): CodeIgniter\CodeIgniter->handleRequest(null, Object(Config\Cache), false)
11 SYSTEMPATH\Boot.php(417): CodeIgniter\CodeIgniter->run()
12 SYSTEMPATH\Boot.php(68): CodeIgniter\Boot::runCodeIgniter(Object(CodeIgniter\CodeIgniter))
13 FCPATH\index.php(59): CodeIgniter\Boot::bootWeb(Object(Config\Paths))
CRITICAL - 2026-10-05 01:46:26 --> [Caused by] mysqli_sql_exception: Duplicate entry '0' for key 'PRIMARY'
in SYSTEMPATH\Database\MySQLi\Connection.php on line 300.
 1 SYSTEMPATH\Database\MySQLi\Connection.php(300): mysqli->query('INSERT INTO `municipios` (`cod_depto`, `nombre_municipio`) VALUES (2, \'CD\')', 0)
 2 SYSTEMPATH\Database\BaseConnection.php(908): CodeIgniter\Database\MySQLi\Connection->execute('INSERT INTO `municipios` (`cod_depto`, `nombre_municipio`) VALUES (2, \'CD\')')
 3 SYSTEMPATH\Database\BaseConnection.php(825): CodeIgniter\Database\BaseConnection->simpleQuery('INSERT INTO `municipios` (`cod_depto`, `nombre_municipio`) VALUES (2, \'CD\')')
 4 SYSTEMPATH\Database\BaseBuilder.php(2355): CodeIgniter\Database\BaseConnection->query('INSERT INTO `municipios` (`cod_depto`, `nombre_municipio`) VALUES (:cod_depto:, :nombre_municipio:)', [...], false)
 5 SYSTEMPATH\Model.php(357): CodeIgniter\Database\BaseBuilder->insert()
 6 SYSTEMPATH\BaseModel.php(899): CodeIgniter\Model->doInsert([...])
 7 SYSTEMPATH\Model.php(670): CodeIgniter\BaseModel->insert([...], true)
 8 APPPATH\Controllers\MunicipiosController.php(43): CodeIgniter\Model->insert([...])
 9 SYSTEMPATH\CodeIgniter.php(974): App\Controllers\MunicipiosController->store()
10 SYSTEMPATH\CodeIgniter.php(520): CodeIgniter\CodeIgniter->runController(Object(App\Controllers\MunicipiosController))
11 SYSTEMPATH\CodeIgniter.php(363): CodeIgniter\CodeIgniter->handleRequest(null, Object(Config\Cache), false)
12 SYSTEMPATH\Boot.php(417): CodeIgniter\CodeIgniter->run()
13 SYSTEMPATH\Boot.php(68): CodeIgniter\Boot::runCodeIgniter(Object(CodeIgniter\CodeIgniter))
14 FCPATH\index.php(59): CodeIgniter\Boot::bootWeb(Object(Config\Paths))
ERROR - 2026-10-05 01:46:57 --> Duplicate entry '0' for key 'PRIMARY'
in SYSTEMPATH\Database\MySQLi\Connection.php on line 300.
 1 SYSTEMPATH\Database\MySQLi\Connection.php(300): mysqli->query('INSERT INTO `municipios` (`cod_depto`, `nombre_municipio`) VALUES (23, \'SDFDF\')', 0)
 2 SYSTEMPATH\Database\BaseConnection.php(908): CodeIgniter\Database\MySQLi\Connection->execute('INSERT INTO `municipios` (`cod_depto`, `nombre_municipio`) VALUES (23, \'SDFDF\')')
 3 SYSTEMPATH\Database\BaseConnection.php(825): CodeIgniter\Database\BaseConnection->simpleQuery('INSERT INTO `municipios` (`cod_depto`, `nombre_municipio`) VALUES (23, \'SDFDF\')')
 4 SYSTEMPATH\Database\BaseBuilder.php(2355): CodeIgniter\Database\BaseConnection->query('INSERT INTO `municipios` (`cod_depto`, `nombre_municipio`) VALUES (:cod_depto:, :nombre_municipio:)', [...], false)
 5 SYSTEMPATH\Model.php(357): CodeIgniter\Database\BaseBuilder->insert()
 6 SYSTEMPATH\BaseModel.php(899): CodeIgniter\Model->doInsert([...])
 7 SYSTEMPATH\Model.php(670): CodeIgniter\BaseModel->insert([...], true)
 8 APPPATH\Controllers\MunicipiosController.php(43): CodeIgniter\Model->insert([...])
 9 SYSTEMPATH\CodeIgniter.php(974): App\Controllers\MunicipiosController->store()
10 SYSTEMPATH\CodeIgniter.php(520): CodeIgniter\CodeIgniter->runController(Object(App\Controllers\MunicipiosController))
11 SYSTEMPATH\CodeIgniter.php(363): CodeIgniter\CodeIgniter->handleRequest(null, Object(Config\Cache), false)
12 SYSTEMPATH\Boot.php(417): CodeIgniter\CodeIgniter->run()
13 SYSTEMPATH\Boot.php(68): CodeIgniter\Boot::runCodeIgniter(Object(CodeIgniter\CodeIgniter))
14 FCPATH\index.php(59): CodeIgniter\Boot::bootWeb(Object(Config\Paths))
CRITICAL - 2026-10-05 01:46:57 --> CodeIgniter\Database\Exceptions\DatabaseException: Duplicate entry '0' for key 'PRIMARY'
[Method: POST, Route: municipios/store]
in SYSTEMPATH\Database\BaseConnection.php on line 863.
 1 SYSTEMPATH\Database\BaseBuilder.php(2355): CodeIgniter\Database\BaseConnection->query('INSERT INTO `municipios` (`cod_depto`, `nombre_municipio`) VALUES (:cod_depto:, :nombre_municipio:)', [...], false)
 2 SYSTEMPATH\Model.php(357): CodeIgniter\Database\BaseBuilder->insert()
 3 SYSTEMPATH\BaseModel.php(899): CodeIgniter\Model->doInsert([...])
 4 SYSTEMPATH\Model.php(670): CodeIgniter\BaseModel->insert([...], true)
 5 APPPATH\Controllers\MunicipiosController.php(43): CodeIgniter\Model->insert([...])
 6 SYSTEMPATH\CodeIgniter.php(974): App\Controllers\MunicipiosController->store()
 7 SYSTEMPATH\CodeIgniter.php(520): CodeIgniter\CodeIgniter->runController(Object(App\Controllers\MunicipiosController))
 8 SYSTEMPATH\CodeIgniter.php(363): CodeIgniter\CodeIgniter->handleRequest(null, Object(Config\Cache), false)
 9 SYSTEMPATH\Boot.php(417): CodeIgniter\CodeIgniter->run()
10 SYSTEMPATH\Boot.php(68): CodeIgniter\Boot::runCodeIgniter(Object(CodeIgniter\CodeIgniter))
11 FCPATH\index.php(59): CodeIgniter\Boot::bootWeb(Object(Config\Paths))
CRITICAL - 2026-10-05 01:46:57 --> [Caused by] CodeIgniter\Database\Exceptions\DatabaseException: Duplicate entry '0' for key 'PRIMARY'
in SYSTEMPATH\Database\MySQLi\Connection.php on line 310.
 1 SYSTEMPATH\Database\BaseConnection.php(908): CodeIgniter\Database\MySQLi\Connection->execute('INSERT INTO `municipios` (`cod_depto`, `nombre_municipio`) VALUES (23, \'SDFDF\')')
 2 SYSTEMPATH\Database\BaseConnection.php(825): CodeIgniter\Database\BaseConnection->simpleQuery('INSERT INTO `municipios` (`cod_depto`, `nombre_municipio`) VALUES (23, \'SDFDF\')')
 3 SYSTEMPATH\Database\BaseBuilder.php(2355): CodeIgniter\Database\BaseConnection->query('INSERT INTO `municipios` (`cod_depto`, `nombre_municipio`) VALUES (:cod_depto:, :nombre_municipio:)', [...], false)
 4 SYSTEMPATH\Model.php(357): CodeIgniter\Database\BaseBuilder->insert()
 5 SYSTEMPATH\BaseModel.php(899): CodeIgniter\Model->doInsert([...])
 6 SYSTEMPATH\Model.php(670): CodeIgniter\BaseModel->insert([...], true)
 7 APPPATH\Controllers\MunicipiosController.php(43): CodeIgniter\Model->insert([...])
 8 SYSTEMPATH\CodeIgniter.php(974): App\Controllers\MunicipiosController->store()
 9 SYSTEMPATH\CodeIgniter.php(520): CodeIgniter\CodeIgniter->runController(Object(App\Controllers\MunicipiosController))
10 SYSTEMPATH\CodeIgniter.php(363): CodeIgniter\CodeIgniter->handleRequest(null, Object(Config\Cache), false)
11 SYSTEMPATH\Boot.php(417): CodeIgniter\CodeIgniter->run()
12 SYSTEMPATH\Boot.php(68): CodeIgniter\Boot::runCodeIgniter(Object(CodeIgniter\CodeIgniter))
13 FCPATH\index.php(59): CodeIgniter\Boot::bootWeb(Object(Config\Paths))
CRITICAL - 2026-10-05 01:46:57 --> [Caused by] mysqli_sql_exception: Duplicate entry '0' for key 'PRIMARY'
in SYSTEMPATH\Database\MySQLi\Connection.php on line 300.
 1 SYSTEMPATH\Database\MySQLi\Connection.php(300): mysqli->query('INSERT INTO `municipios` (`cod_depto`, `nombre_municipio`) VALUES (23, \'SDFDF\')', 0)
 2 SYSTEMPATH\Database\BaseConnection.php(908): CodeIgniter\Database\MySQLi\Connection->execute('INSERT INTO `municipios` (`cod_depto`, `nombre_municipio`) VALUES (23, \'SDFDF\')')
 3 SYSTEMPATH\Database\BaseConnection.php(825): CodeIgniter\Database\BaseConnection->simpleQuery('INSERT INTO `municipios` (`cod_depto`, `nombre_municipio`) VALUES (23, \'SDFDF\')')
 4 SYSTEMPATH\Database\BaseBuilder.php(2355): CodeIgniter\Database\BaseConnection->query('INSERT INTO `municipios` (`cod_depto`, `nombre_municipio`) VALUES (:cod_depto:, :nombre_municipio:)', [...], false)
 5 SYSTEMPATH\Model.php(357): CodeIgniter\Database\BaseBuilder->insert()
 6 SYSTEMPATH\BaseModel.php(899): CodeIgniter\Model->doInsert([...])
 7 SYSTEMPATH\Model.php(670): CodeIgniter\BaseModel->insert([...], true)
 8 APPPATH\Controllers\MunicipiosController.php(43): CodeIgniter\Model->insert([...])
 9 SYSTEMPATH\CodeIgniter.php(974): App\Controllers\MunicipiosController->store()
10 SYSTEMPATH\CodeIgniter.php(520): CodeIgniter\CodeIgniter->runController(Object(App\Controllers\MunicipiosController))
11 SYSTEMPATH\CodeIgniter.php(363): CodeIgniter\CodeIgniter->handleRequest(null, Object(Config\Cache), false)
12 SYSTEMPATH\Boot.php(417): CodeIgniter\CodeIgniter->run()
13 SYSTEMPATH\Boot.php(68): CodeIgniter\Boot::runCodeIgniter(Object(CodeIgniter\CodeIgniter))
14 FCPATH\index.php(59): CodeIgniter\Boot::bootWeb(Object(Config\Paths))
